account_id,account_name,plan_tier,arr_amount,risk_score,total_features_used,high_priority_ratio,downgrade_flag,days_since_activity
A-65aeb5,Company_120,Pro,5292,11,27.0,0.5,True,0
A-65aeb5,Company_120,Pro,5292,11,27.0,0.5,True,0
A-855a48,Company_389,Enterprise,95520,11,32.0,0.6,True,0
A-69b156,Company_396,Pro,0,10,9.0,0.5714285714285714,True,0
A-22f2df,Company_106,Enterprise,11940,10,24.0,0.6,True,0
A-69b156,Company_396,Enterprise,16716,10,18.0,0.5714285714285714,True,0
A-e1462e,Company_217,Enterprise,35820,10,26.0,0.5,True,0
A-e1462e,Company_217,Enterprise,35820,10,26.0,0.5,True,0
A-d62e02,Company_420,Enterprise,23880,10,28.0,1.0,True,0
A-396e5f,Company_30,Pro,5880,10,20.0,0.6,True,0
A-4a4c2d,Company_473,Basic,12312,10,21.0,0.4,True,0
A-cc1d8d,Company_440,Pro,9408,10,28.0,0.4,True,0
A-cc1d8d,Company_440,Pro,9408,10,28.0,0.4,True,0
A-aa9511,Company_203,Basic,5244,10,25.0,0.5,True,0
A-20736a,Company_271,Pro,35868,10,31.0,0.5,True,0
A-1f559b,Company_357,Basic,2964,10,27.0,0.4,True,0
A-8ed5dd,Company_222,Basic,3420,10,0.0,0.5,True,0
A-8ed5dd,Company_222,Basic,3420,10,0.0,0.5,True,0
A-87aa7b,Company_433,Pro,14112,9,23.0,0.3333333333333333,True,0
A-c1dfe1,Company_53,Enterprise,62088,9,16.0,0.3333333333333333,True,0
A-118d55,Company_65,Enterprise,38208,9,23.0,0.2,True,0
A-c1dfe1,Company_53,Enterprise,62088,9,16.0,0.3333333333333333,True,0
A-118d55,Company_65,Enterprise,38208,9,23.0,0.2,True,0
A-87aa7b,Company_433,Pro,14112,9,23.0,0.3333333333333333,True,0
A-e4bf56,Company_272,Pro,20580,9,32.0,0.125,True,0
A-87aa7b,Company_433,Pro,14112,9,23.0,0.3333333333333333,True,0
A-c7ffc2,Company_392,Enterprise,71640,8,21.0,0.5,False,0
A-00bed1,Company_306,Enterprise,66864,8,16.0,0.5,False,0
A-50f3f7,Company_140,Pro,18228,8,33.0,0.16666666666666666,True,0
A-c16b88,Company_431,Enterprise,54924,8,28.0,0.6666666666666666,False,0
A-c7ffc2,Company_392,Enterprise,71640,8,21.0,0.5,False,0
A-798a3f,Company_463,Enterprise,31044,8,29.0,0.4,False,0
A-b3fe05,Company_238,Basic,0,8,32.0,0.5,False,0
A-bc4d48,Company_343,Basic,7980,8,21.0,0.5,False,0
A-82d8a6,Company_444,Pro,24696,8,32.0,0.4,False,0
A-692f18,Company_195,Basic,2280,8,24.0,0.5,False,0
A-7641d3,Company_429,Pro,35868,8,12.0,0.2,True,0
A-7641d3,Company_429,Pro,35868,8,12.0,0.2,True,0
A-3f9cc0,Company_359,Basic,5016,8,6.0,0.2,True,0
A-3f9cc0,Company_359,Basic,5016,8,6.0,0.2,True,0
A-3f9cc0,Company_359,Basic,5016,8,6.0,0.2,True,0
A-726cfa,Company_82,Basic,3876,8,29.0,0.6666666666666666,False,0
A-51ec1b,Company_247,Enterprise,16716,8,32.0,0.3333333333333333,True,0
A-df1e44,Company_323,Basic,2736,8,0.0,0.5,False,0
A-df1e44,Company_323,Basic,2736,8,0.0,0.5,False,0
A-1d5444,Company_427,Enterprise,97908,8,21.0,1.0,False,0
A-d82ef9,Company_355,Pro,15288,8,13.0,0.2,True,0
A-3d957b,Company_311,Pro,8232,8,17.0,0.6666666666666666,False,0
A-e5d6ab,Company_7,Enterprise,31044,8,33.0,0.6666666666666666,False,0
A-1b9609,Company_5,Basic,4104,8,30.0,0.5,False,0
A-1b9609,Company_5,Basic,4104,8,30.0,0.5,False,0
A-ac85cd,Company_485,Enterprise,126564,8,10.0,0.0,True,0
A-ac85cd,Company_485,Enterprise,126564,8,10.0,0.0,True,0
A-ffc04f,Company_307,Enterprise,35820,8,9.0,0.2857142857142857,True,0
A-1ac5e0,Company_126,Basic,0,8,19.0,0.5714285714285714,False,0
A-474ad4,Company_261,Basic,2280,8,33.0,0.0,True,0
A-6c093d,Company_12,Basic,3420,8,28.0,0.6666666666666666,False,0
A-1d5444,Company_427,Enterprise,57312,8,23.0,1.0,False,0
A-854864,Company_38,Pro,53508,8,24.0,0.4,False,0
A-b07b56,Company_292,Pro,14700,8,33.0,0.5,False,0
A-e5d6ab,Company_7,Enterprise,31044,8,33.0,0.6666666666666666,False,0
A-18793f,Company_488,Pro,87024,8,27.0,0.4,False,0
A-7cfe77,Company_367,Pro,40572,8,26.0,0.2857142857142857,True,0
A-7cfe77,Company_367,Pro,40572,8,26.0,0.2857142857142857,True,0
A-fda07f,Company_230,Enterprise,0,8,48.0,0.4,True,0
A-9f2731,Company_24,Pro,7644,8,30.0,0.0,True,0
A-9f2731,Company_24,Pro,7644,8,30.0,0.0,True,0
A-e1b9cd,Company_484,Pro,58800,8,54.0,1.0,True,0
A-779e4e,Company_193,Pro,12348,8,24.0,0.0,True,0
A-526d93,Company_66,Enterprise,117012,8,19.0,0.4,False,0
A-09540c,Company_239,Basic,15276,8,41.0,0.5,True,0
A-1f7acb,Company_281,Basic,0,8,73.0,0.42857142857142855,True,0
A-328bd0,Company_237,Enterprise,42984,8,31.0,0.4,False,0
A-526d93,Company_66,Enterprise,117012,8,19.0,0.4,False,0
A-1d5444,Company_427,Enterprise,57312,8,8.0,1.0,False,0
A-526d93,Company_66,Enterprise,117012,8,19.0,0.4,False,0
A-e19ff6,Company_411,Pro,15288,8,20.0,0.6666666666666666,False,0
A-d82ef9,Company_355,Pro,0,8,28.0,0.2,True,0
A-d535f6,Company_421,Pro,27048,8,21.0,0.0,True,0
A-d535f6,Company_421,Pro,27048,8,21.0,0.0,True,0
A-5f7781,Company_483,Pro,0,8,32.0,1.0,False,0
A-e1b9cd,Company_484,Pro,23520,8,31.0,1.0,False,0
A-016043,Company_405,Pro,15876,8,13.0,0.6666666666666666,False,0
A-118d55,Company_65,Pro,9996,8,31.0,0.2,True,0
A-118d55,Company_65,Pro,9996,8,31.0,0.2,True,0
A-9f0b68,Company_489,Enterprise,23880,8,8.0,0.3333333333333333,True,0
A-9f0b68,Company_489,Enterprise,23880,8,8.0,0.3333333333333333,True,0
A-e19ff6,Company_411,Pro,15288,8,20.0,0.6666666666666666,False,0
A-e19ff6,Company_411,Pro,15288,8,20.0,0.6666666666666666,False,0
A-328bd0,Company_237,Basic,4104,8,13.0,0.4,False,0
A-bf7919,Company_426,Basic,2736,8,20.0,0.5,False,0
A-f25509,Company_92,Basic,12996,8,27.0,0.3333333333333333,True,0
A-f25509,Company_92,Basic,12996,8,27.0,0.3333333333333333,True,0
A-f25509,Company_92,Basic,12996,8,27.0,0.3333333333333333,True,0
A-4e0e85,Company_409,Pro,3528,8,14.0,0.5,False,0
A-4e0e85,Company_409,Pro,3528,8,14.0,0.5,False,0
A-e08cd3,Company_475,Basic,15276,8,30.0,0.375,True,0
A-e08cd3,Company_475,Basic,15276,8,30.0,0.375,True,0
A-c608c8,Company_199,Enterprise,7164,8,18.0,0.0,True,0
A-098560,Company_349,Pro,7056,8,22.0,0.5,False,0
A-098560,Company_349,Pro,7056,8,22.0,0.5,False,0
A-d62e02,Company_420,Enterprise,14328,8,33.0,1.0,False,0
A-712533,Company_498,Pro,10584,8,12.0,0.4,False,0
A-075038,Company_397,Pro,29400,8,32.0,1.0,False,0
A-2e3bad,Company_108,Basic,13908,8,33.0,0.4,False,0
A-3d957b,Company_311,Enterprise,33432,8,22.0,0.6666666666666666,False,0
A-3a7284,Company_93,Enterprise,78804,8,32.0,0.3333333333333333,True,0
A-bf7919,Company_426,Basic,2736,8,20.0,0.5,False,0
A-1e1b80,Company_416,Enterprise,119400,8,13.0,0.5,False,0
A-1e1b80,Company_416,Enterprise,119400,8,13.0,0.5,False,0
A-1e1b80,Company_416,Enterprise,119400,8,13.0,0.5,False,0
A-82d8a6,Company_444,Enterprise,64476,8,19.0,0.4,False,0
A-4a4c2d,Company_473,Basic,12312,8,19.0,0.4,False,0
A-1d5444,Company_427,Basic,0,8,23.0,1.0,False,0
A-d3c88e,Company_490,Basic,4788,8,17.0,0.6666666666666666,False,0
A-b2225d,Company_50,Enterprise,0,8,64.0,1.0,True,0
A-b2225d,Company_50,Enterprise,0,8,64.0,1.0,True,0
A-b2225d,Company_50,Enterprise,0,8,64.0,1.0,True,0
A-e1b9cd,Company_484,Basic,9120,8,75.0,1.0,True,0
A-6dee43,Company_478,Basic,5244,8,27.0,0.4,False,0
A-c16b88,Company_431,Enterprise,107460,8,32.0,0.6666666666666666,False,0
A-692f18,Company_195,Enterprise,40596,8,55.0,0.5,True,0
A-4d1e75,Company_58,Pro,11760,8,28.0,0.0,True,0
A-c16101,Company_139,Enterprise,16716,8,37.0,0.75,True,0
A-c16101,Company_139,Enterprise,16716,8,37.0,0.75,True,0
A-186a44,Company_101,Enterprise,47760,8,29.0,0.5714285714285714,False,0
A-7df7a7,Company_125,Enterprise,23880,8,19.0,0.6666666666666666,False,0
A-d5a319,Company_158,Enterprise,74028,8,24.0,0.0,True,0
A-118d55,Company_65,Basic,4104,8,19.0,0.2,True,0
A-118d55,Company_65,Basic,4104,8,19.0,0.2,True,0
A-396e5f,Company_30,Pro,21756,8,10.0,0.6,False,0
A-d3c88e,Company_490,Enterprise,38208,8,31.0,0.6666666666666666,False,0
A-1b9609,Company_5,Basic,4104,8,30.0,0.5,False,0
A-10b8da,Company_9,Enterprise,33432,8,7.0,0.6666666666666666,False,0
A-df1e44,Company_323,Enterprise,28656,8,26.0,0.5,False,0
A-bc4d48,Company_343,Enterprise,83580,8,31.0,0.5,False,0
A-6e08f3,Company_220,Pro,4704,8,30.0,0.0,True,0
A-ccb686,Company_491,Pro,8232,8,17.0,1.0,False,0
A-ccb686,Company_491,Pro,8232,8,17.0,1.0,False,0
A-ccb686,Company_491,Pro,8232,8,17.0,1.0,False,0
A-53f4e3,Company_194,Basic,4104,8,32.0,0.4,False,0
A-22f2df,Company_106,Pro,4704,8,22.0,0.6,False,0
A-544d0a,Company_153,Enterprise,11940,8,28.0,0.0,True,0
A-9123ac,Company_219,Enterprise,0,8,23.0,0.16666666666666666,True,0
A-9289f6,Company_104,Pro,14700,8,30.0,0.5,False,0
A-9123ac,Company_219,Enterprise,0,8,23.0,0.16666666666666666,True,0
A-781cc0,Company_499,Pro,11760,8,30.0,0.75,False,0
A-781cc0,Company_499,Pro,11760,8,30.0,0.75,False,0
A-309e54,Company_371,Enterprise,140892,8,20.0,0.2,True,0
A-7da956,Company_141,Enterprise,35820,8,15.0,0.0,True,0
A-7dacce,Company_8,Enterprise,35820,8,32.0,0.75,False,0
A-ad64c6,Company_175,Enterprise,28656,8,32.0,0.5,False,0
A-f03140,Company_209,Enterprise,64476,8,25.0,0.14285714285714285,True,0
A-ad64c6,Company_175,Enterprise,28656,8,32.0,0.5,False,0
A-42e5e1,Company_118,Pro,5880,8,29.0,0.6666666666666666,False,0
A-54d94a,Company_385,Pro,15876,8,32.0,0.0,True,0
A-7c4956,Company_254,Basic,2052,8,6.0,0.6666666666666666,False,0
A-c45b23,Company_75,Basic,1596,8,17.0,0.6666666666666666,False,0
A-e60f9d,Company_178,Enterprise,114624,8,21.0,0.0,True,0
A-940b8b,Company_398,Enterprise,76416,8,13.0,0.3333333333333333,True,0
A-7c5768,Company_407,Basic,1824,8,29.0,0.4,False,0
A-3b5cd1,Company_49,Pro,0,8,0.0,0.0,True,0
A-3b5cd1,Company_49,Pro,0,8,0.0,0.0,True,0
A-3b5cd1,Company_49,Pro,0,8,0.0,0.0,True,0
A-7dacce,Company_8,Enterprise,35820,8,32.0,0.75,False,0
A-726cfa,Company_82,Pro,12348,8,15.0,0.6666666666666666,False,0
A-7dacce,Company_8,Enterprise,35820,8,32.0,0.75,False,0
A-df1e44,Company_323,Enterprise,28656,8,26.0,0.5,False,0
A-7e0a10,Company_64,Basic,10488,8,26.0,0.4,False,0
A-337bc1,Company_424,Pro,50568,8,65.0,0.5,True,0
A-7e0a10,Company_64,Pro,27048,8,10.0,0.4,False,0
A-337bc1,Company_424,Pro,50568,8,65.0,0.5,True,0
A-c7ffc2,Company_392,Basic,12996,7,19.0,0.5,False,0
A-c7ffc2,Company_392,Basic,12996,7,19.0,0.5,False,0
A-96e141,Company_134,Enterprise,33432,7,26.0,0.4,False,0
A-76fa4d,Company_226,Enterprise,164772,7,27.0,0.4,False,0
A-425e76,Company_110,Basic,3192,7,11.0,0.6,False,0
A-76fa4d,Company_226,Enterprise,164772,7,27.0,0.4,False,0
A-462d45,Company_13,Enterprise,124176,7,77.0,0.5,True,0
A-96e141,Company_134,Enterprise,33432,7,26.0,0.4,False,0
A-ad64c6,Company_175,Basic,0,7,9.0,0.5,False,0
A-fe79a5,Company_81,Enterprise,21492,7,9.0,0.5,False,0
A-396e5f,Company_30,Pro,31164,7,25.0,0.6,False,0
A-f6b2fb,Company_418,Enterprise,0,7,29.0,0.4,False,0
A-fda07f,Company_230,Enterprise,38208,7,22.0,0.4,False,0
A-425e76,Company_110,Basic,3192,7,11.0,0.6,False,0
A-2ebb4b,Company_334,Enterprise,97908,7,32.0,0.5,False,0
A-186a44,Company_101,Basic,4560,7,27.0,0.5714285714285714,False,0
A-ccabf0,Company_471,Enterprise,140892,7,10.0,0.5,False,0
A-7dacce,Company_8,Pro,7056,7,25.0,0.75,False,0
A-1b9609,Company_5,Enterprise,11940,7,7.0,0.5,False,0
A-ad64c6,Company_175,Enterprise,66864,7,25.0,0.5,False,0
A-df1e44,Company_323,Pro,7056,7,33.0,0.5,False,0
A-df1e44,Company_323,Pro,7056,7,33.0,0.5,False,0
A-ccabf0,Company_471,Enterprise,140892,7,10.0,0.5,False,0
A-425e76,Company_110,Basic,3192,7,11.0,0.6,False,0
A-6dee43,Company_478,Pro,0,7,25.0,0.4,False,0
A-692f18,Company_195,Pro,7056,7,23.0,0.5,False,0
A-7dacce,Company_8,Pro,7056,7,25.0,0.75,False,0
A-8e47ca,Company_191,Enterprise,74028,7,26.0,0.6,False,0
A-8e47ca,Company_191,Enterprise,74028,7,26.0,0.6,False,0
A-8e47ca,Company_191,Enterprise,74028,7,26.0,0.6,False,0
A-249769,Company_214,Enterprise,16716,7,19.0,0.5,False,0
A-249769,Company_214,Enterprise,16716,7,19.0,0.5,False,0
A-425e76,Company_110,Basic,3192,7,11.0,0.6,False,0
A-1f7acb,Company_281,Enterprise,152832,7,64.0,0.42857142857142855,True,0
A-35083d,Company_27,Enterprise,45372,7,27.0,0.75,False,0
A-4bfa33,Company_251,Pro,4704,7,21.0,0.5,False,0
A-5247b3,Company_375,Pro,9408,7,19.0,0.4,False,0
A-65c341,Company_308,Pro,9996,7,33.0,0.6,False,0
A-65c341,Company_308,Pro,9996,7,33.0,0.6,False,0
A-4c56c9,Company_449,Basic,0,7,29.0,0.4,False,0
A-18793f,Company_488,Enterprise,0,7,24.0,0.4,False,0
A-1f0636,Company_368,Enterprise,250740,7,0.0,1.0,False,0
A-f6b2fb,Company_418,Enterprise,57312,7,20.0,0.4,False,0
A-1e50e0,Company_415,Pro,11172,7,26.0,0.5,False,0
A-4bfa33,Company_251,Pro,4704,7,21.0,0.5,False,0
A-df1e44,Company_323,Pro,7056,7,12.0,0.5,False,0
A-df1e44,Company_323,Pro,7056,7,12.0,0.5,False,0
A-6843f2,Company_335,Enterprise,50148,7,20.0,0.5,False,0
A-2ebb4b,Company_334,Enterprise,97908,7,32.0,0.5,False,0
A-1e50e0,Company_415,Pro,11172,7,26.0,0.5,False,0
A-2ebb4b,Company_334,Enterprise,97908,7,32.0,0.5,False,0
A-5247b3,Company_375,Pro,9408,7,19.0,0.4,False,0
A-8e47ca,Company_191,Enterprise,47760,7,33.0,0.6,False,0
A-7a0d69,Company_187,Basic,4560,7,21.0,0.5,False,0
A-0baac2,Company_264,Basic,4332,7,19.0,0.5,False,0
A-8e47ca,Company_191,Enterprise,47760,7,33.0,0.6,False,0
A-8e47ca,Company_191,Enterprise,47760,7,33.0,0.6,False,0
A-726cfa,Company_82,Pro,17640,7,33.0,0.6666666666666666,False,0
A-7a0d69,Company_187,Basic,4560,7,21.0,0.5,False,0
A-337bc1,Company_424,Pro,0,7,98.0,0.5,True,0
A-337bc1,Company_424,Pro,0,7,98.0,0.5,True,0
A-df1e44,Company_323,Enterprise,0,7,26.0,0.5,False,0
A-fe79a5,Company_81,Pro,0,7,27.0,0.5,False,0
A-7a0d69,Company_187,Basic,4560,7,21.0,0.5,False,0
A-ad64c6,Company_175,Basic,0,7,9.0,0.5,False,0
A-df1e44,Company_323,Enterprise,0,7,26.0,0.5,False,0
A-0b0d6d,Company_267,Enterprise,107460,7,33.0,0.4,False,0
A-4bfa33,Company_251,Pro,4704,7,21.0,0.5,False,0
A-0baac2,Company_264,Basic,4332,7,19.0,0.5,False,0
A-2ebb4b,Company_334,Basic,0,7,32.0,0.5,False,0
A-0baac2,Company_264,Basic,4332,7,19.0,0.5,False,0
A-bcf664,Company_248,Enterprise,16716,7,32.0,0.4,False,0
A-186a44,Company_101,Basic,4560,7,9.0,0.5714285714285714,False,0
A-d4ac0e,Company_364,Basic,4104,7,20.0,0.5,False,0
A-86fc1d,Company_328,Basic,8436,7,24.0,0.4,False,0
A-bc87bc,Company_456,Basic,1824,7,23.0,0.42857142857142855,False,0
A-3d957b,Company_311,Pro,17052,7,0.0,0.6666666666666666,False,0
A-726cfa,Company_82,Basic,3420,7,19.0,0.6666666666666666,False,0
A-bcf664,Company_248,Enterprise,16716,7,32.0,0.4,False,0
A-bcf664,Company_248,Enterprise,16716,7,32.0,0.4,False,0
A-dfbd31,Company_190,Basic,3192,7,31.0,0.5,False,0
A-337bc1,Company_424,Enterprise,81192,7,31.0,0.5,False,0
A-dfbd31,Company_190,Basic,3192,7,31.0,0.5,False,0
A-158f4e,Company_180,Pro,35868,7,18.0,0.4,False,0
A-158f4e,Company_180,Pro,35868,7,18.0,0.4,False,0
A-726cfa,Company_82,Basic,5472,7,30.0,0.6666666666666666,False,0
A-425e76,Company_110,Enterprise,21492,7,24.0,0.6,False,0
A-425e76,Company_110,Enterprise,21492,7,24.0,0.6,False,0
A-1f559b,Company_357,Pro,7056,7,29.0,0.4,False,0
A-425e76,Company_110,Enterprise,21492,7,24.0,0.6,False,0
A-798a3f,Company_463,Basic,9576,7,19.0,0.4,False,0
A-80eeb6,Company_402,Pro,0,7,76.0,0.5,True,0
A-80eeb6,Company_402,Pro,0,7,76.0,0.5,True,0
A-18793f,Company_488,Pro,87024,7,32.0,0.4,False,0
A-8ae05d,Company_147,Basic,0,7,10.0,1.0,False,0
A-e1b9cd,Company_484,Basic,9120,7,32.0,1.0,False,0
A-c9bb3e,Company_336,Basic,2280,7,9.0,0.42857142857142855,False,0
A-c9bb3e,Company_336,Basic,2280,7,9.0,0.42857142857142855,False,0
A-13466a,Company_196,Basic,0,7,15.0,0.6666666666666666,False,0
A-13466a,Company_196,Basic,0,7,15.0,0.6666666666666666,False,0
A-7df7a7,Company_125,Enterprise,16716,7,39.0,0.6666666666666666,True,0
A-ccb686,Company_491,Pro,11172,7,86.0,1.0,True,0
A-ccb686,Company_491,Pro,11172,7,86.0,1.0,True,0
A-ccb686,Company_491,Pro,11172,7,86.0,1.0,True,0
A-f1f639,Company_296,Enterprise,11940,7,17.0,0.42857142857142855,False,0
A-f1f639,Company_296,Enterprise,11940,7,17.0,0.42857142857142855,False,0
A-c9bb3e,Company_336,Enterprise,0,7,29.0,0.42857142857142855,False,0
A-c9bb3e,Company_336,Enterprise,0,7,29.0,0.42857142857142855,False,0
A-726cfa,Company_82,Enterprise,26268,7,29.0,0.6666666666666666,False,0
A-53f4e3,Company_194,Enterprise,31044,7,20.0,0.4,False,0
A-798a3f,Company_463,Enterprise,28656,7,30.0,0.4,False,0
A-425e76,Company_110,Enterprise,21492,7,24.0,0.6,False,0
A-337bc1,Company_424,Enterprise,81192,7,31.0,0.5,False,0
A-0baac2,Company_264,Basic,4332,7,19.0,0.5,False,0
A-dfbd31,Company_190,Pro,9996,7,23.0,0.5,False,0
A-10b8da,Company_9,Pro,8232,7,13.0,0.6666666666666666,False,0
A-dfbd31,Company_190,Pro,20580,7,53.0,0.5,True,0
A-dfbd31,Company_190,Pro,20580,7,53.0,0.5,True,0
A-075038,Company_397,Pro,0,7,21.0,1.0,False,0
A-35083d,Company_27,Enterprise,45372,7,22.0,0.75,False,0
A-b2225d,Company_50,Enterprise,0,7,31.0,1.0,False,0
A-b2225d,Company_50,Enterprise,0,7,31.0,1.0,False,0
A-b2225d,Company_50,Enterprise,0,7,31.0,1.0,False,0
A-54ecc2,Company_289,Pro,4116,7,45.0,0.4,True,0
A-2e4581,Company_0,Enterprise,69252,7,18.0,0.5,False,0
A-54ecc2,Company_289,Pro,4116,7,45.0,0.4,True,0
A-54ecc2,Company_289,Pro,4116,7,45.0,0.4,True,0
A-1b9609,Company_5,Enterprise,11940,7,7.0,0.5,False,0
A-2ebb4b,Company_334,Basic,0,7,32.0,0.5,False,0
A-2ebb4b,Company_334,Basic,0,7,32.0,0.5,False,0
A-dfbd31,Company_190,Pro,9996,7,23.0,0.5,False,0
A-7dacce,Company_8,Pro,7056,7,25.0,0.75,False,0
A-86fc1d,Company_328,Pro,32928,7,32.0,0.4,False,0
A-65aeb5,Company_120,Enterprise,0,7,12.0,0.5,False,0
A-65aeb5,Company_120,Enterprise,0,7,12.0,0.5,False,0
A-7c5768,Company_407,Basic,684,7,31.0,0.4,False,0
A-328bd0,Company_237,Pro,10584,7,49.0,0.4,True,0
A-2e4581,Company_0,Enterprise,69252,7,18.0,0.5,False,0
A-c37cab,Company_278,Pro,7644,7,99.0,0.5,True,0
A-c37cab,Company_278,Pro,7644,7,99.0,0.5,True,0
A-712533,Company_498,Basic,4104,7,22.0,0.4,False,0
A-0b0d6d,Company_267,Enterprise,85968,7,9.0,0.4,False,0
A-726cfa,Company_82,Pro,6468,7,28.0,0.6666666666666666,False,0
A-9a532a,Company_333,Enterprise,26268,7,27.0,0.5,False,0
A-0b0d6d,Company_267,Pro,12936,7,30.0,0.4,False,0
A-4bfa33,Company_251,Pro,42336,7,28.0,0.5,False,0
A-4bfa33,Company_251,Pro,42336,7,28.0,0.5,False,0
A-4bfa33,Company_251,Pro,42336,7,28.0,0.5,False,0
A-098560,Company_349,Pro,0,7,18.0,0.5,False,0
A-098560,Company_349,Pro,0,7,18.0,0.5,False,0
A-462d45,Company_13,Pro,6468,7,72.0,0.5,True,0
A-186a44,Company_101,Enterprise,112236,7,20.0,0.5714285714285714,False,0
A-249769,Company_214,Pro,6468,7,33.0,0.5,False,0
A-249769,Company_214,Pro,6468,7,33.0,0.5,False,0
A-1b9609,Company_5,Enterprise,11940,7,7.0,0.5,False,0
A-098560,Company_349,Basic,1596,7,25.0,0.5,False,0
A-fe79a5,Company_81,Enterprise,21492,7,7.0,0.5,False,0
A-e19ff6,Company_411,Pro,23520,7,28.0,0.6666666666666666,False,0
A-692f18,Company_195,Enterprise,69252,7,30.0,0.5,False,0
A-1e1b80,Company_416,Enterprise,119400,7,33.0,0.5,False,0
A-1e1b80,Company_416,Enterprise,119400,7,33.0,0.5,False,0
A-1e1b80,Company_416,Enterprise,119400,7,33.0,0.5,False,0
A-0651a4,Company_255,Enterprise,45372,7,33.0,0.75,False,0
A-781cc0,Company_499,Enterprise,28656,7,20.0,0.75,False,0
A-781cc0,Company_499,Enterprise,28656,7,20.0,0.75,False,0
A-e19ff6,Company_411,Pro,23520,7,28.0,0.6666666666666666,False,0
A-e19ff6,Company_411,Pro,23520,7,28.0,0.6666666666666666,False,0
A-9a532a,Company_333,Basic,0,7,27.0,0.5,False,0
A-6843f2,Company_335,Pro,12348,7,9.0,0.5,False,0
A-82d8a6,Company_444,Pro,19404,7,60.0,0.4,True,0
A-158f4e,Company_180,Pro,0,7,19.0,0.4,False,0
A-158f4e,Company_180,Pro,0,7,19.0,0.4,False,0
A-8ed5dd,Company_222,Pro,27048,7,19.0,0.5,False,0
A-8ed5dd,Company_222,Pro,27048,7,19.0,0.5,False,0
A-3d957b,Company_311,Basic,16644,7,14.0,0.6666666666666666,False,0
A-b2225d,Company_50,Enterprise,112236,7,31.0,1.0,False,0
A-4a4c2d,Company_473,Basic,0,7,16.0,0.4,False,0
A-0651a4,Company_255,Enterprise,45372,7,33.0,0.75,False,0
A-42e5e1,Company_118,Pro,588,7,77.0,0.6666666666666666,True,0
A-f5641b,Company_382,Enterprise,74028,7,18.0,0.5,False,0
A-72799b,Company_394,Pro,0,7,25.0,0.5,False,0
A-726cfa,Company_82,Basic,3192,7,21.0,0.6666666666666666,False,0
A-e1b9cd,Company_484,Basic,9120,7,19.0,1.0,False,0
A-fe79a5,Company_81,Enterprise,0,7,27.0,0.5,False,0
A-67be94,Company_276,Pro,15288,7,29.0,0.8,False,0
A-67be94,Company_276,Pro,15288,7,29.0,0.8,False,0
A-9a532a,Company_333,Enterprise,78804,7,20.0,0.5,False,0
A-1d5444,Company_427,Basic,5472,7,8.0,1.0,False,0
A-7df7a7,Company_125,Pro,4116,7,19.0,0.6666666666666666,False,0
A-8ae3fc,Company_495,Basic,4560,7,31.0,0.5,False,0
A-a1bbb6,Company_74,Pro,12348,7,22.0,0.6666666666666666,False,0
A-69b156,Company_396,Enterprise,16716,7,23.0,0.5714285714285714,False,0
A-bc87bc,Company_456,Enterprise,52536,7,29.0,0.42857142857142855,False,0
A-5f7781,Company_483,Pro,12936,7,30.0,1.0,False,0
A-f5641b,Company_382,Enterprise,74028,7,18.0,0.5,False,0
A-80eeb6,Company_402,Enterprise,52536,7,13.0,0.5,False,0
A-80eeb6,Company_402,Enterprise,52536,7,13.0,0.5,False,0
A-bcf664,Company_248,Enterprise,31044,7,25.0,0.4,False,0
A-bcf664,Company_248,Enterprise,31044,7,25.0,0.4,False,0
A-bcf664,Company_248,Enterprise,31044,7,25.0,0.4,False,0
A-425e76,Company_110,Basic,8436,7,29.0,0.6,False,0
A-425e76,Company_110,Basic,8436,7,29.0,0.6,False,0
A-a1bbb6,Company_74,Enterprise,21492,7,30.0,0.6666666666666666,False,0
A-72799b,Company_394,Enterprise,47760,7,18.0,0.5,False,0
A-1f0ac7,Company_3,Basic,7296,7,16.0,0.5,False,0
A-7c6b6b,Company_223,Pro,3528,7,25.0,0.4,False,0
A-fda07f,Company_230,Pro,19992,7,29.0,0.4,False,0
A-8ed5dd,Company_222,Basic,1140,7,14.0,0.5,False,0
A-8ed5dd,Company_222,Basic,1140,7,14.0,0.5,False,0
A-7c6b6b,Company_223,Pro,13524,7,31.0,0.4,False,0
A-05f0e5,Company_40,Pro,38220,7,25.0,0.5,False,0
A-05f0e5,Company_40,Pro,38220,7,25.0,0.5,False,0
A-8ae05d,Company_147,Pro,50568,7,17.0,1.0,False,0
A-7df7a7,Company_125,Pro,4116,7,70.0,0.6666666666666666,True,0
A-1f7acb,Company_281,Enterprise,152832,7,26.0,0.42857142857142855,False,0
A-186a44,Company_101,Basic,4560,7,65.0,0.5714285714285714,True,0
A-328bd0,Company_237,Pro,19404,7,17.0,0.4,False,0
A-328bd0,Company_237,Basic,4104,7,26.0,0.4,False,0
A-425e76,Company_110,Basic,8436,7,29.0,0.6,False,0
A-425e76,Company_110,Basic,8436,7,29.0,0.6,False,0
A-1e1b80,Company_416,Pro,31164,7,29.0,0.5,False,0
A-cc1d8d,Company_440,Enterprise,11940,7,18.0,0.4,False,0
A-1e1b80,Company_416,Pro,31164,7,29.0,0.5,False,0
A-1e1b80,Company_416,Pro,31164,7,29.0,0.5,False,0
A-fe79a5,Company_81,Enterprise,21492,7,24.0,0.5,False,0
A-9289f6,Company_104,Basic,228,7,32.0,0.5,False,0
A-bf7919,Company_426,Enterprise,0,7,15.0,0.5,False,0
A-bf7919,Company_426,Enterprise,0,7,15.0,0.5,False,0
A-b2225d,Company_50,Enterprise,112236,7,31.0,1.0,False,0
A-b2225d,Company_50,Enterprise,112236,7,31.0,1.0,False,0
A-c9bb3e,Company_336,Pro,72324,7,30.0,0.42857142857142855,False,0
A-c9bb3e,Company_336,Pro,72324,7,30.0,0.42857142857142855,False,0
A-86cdb4,Company_250,Pro,1176,7,33.0,0.4,False,0
A-1b9609,Company_5,Enterprise,0,7,27.0,0.5,False,0
A-1b9609,Company_5,Enterprise,0,7,27.0,0.5,False,0
A-1b9609,Company_5,Enterprise,0,7,27.0,0.5,False,0
A-ad64c6,Company_175,Pro,7056,7,0.0,0.5,False,0
A-ad64c6,Company_175,Pro,7056,7,0.0,0.5,False,0
A-cc1d8d,Company_440,Enterprise,11940,7,18.0,0.4,False,0
A-1f0ac7,Company_3,Pro,0,7,26.0,0.5,False,0
A-42e5e1,Company_118,Basic,0,7,20.0,0.6666666666666666,False,0
A-425e76,Company_110,Basic,6156,7,0.0,0.6,False,0
A-c37cab,Company_278,Pro,0,7,24.0,0.5,False,0
A-c7ffc2,Company_392,Enterprise,71640,7,27.0,0.5,False,0
A-e5d6ab,Company_7,Enterprise,35820,7,32.0,0.6666666666666666,False,0
A-158f4e,Company_180,Pro,35868,7,29.0,0.4,False,0
A-158f4e,Company_180,Pro,35868,7,29.0,0.4,False,0
A-e5d6ab,Company_7,Enterprise,35820,7,32.0,0.6666666666666666,False,0
A-f1f639,Company_296,Basic,456,7,21.0,0.42857142857142855,False,0
A-f1f639,Company_296,Basic,456,7,21.0,0.42857142857142855,False,0
A-075038,Company_397,Enterprise,40596,7,32.0,1.0,False,0
A-c37cab,Company_278,Pro,0,7,24.0,0.5,False,0
A-7dacce,Company_8,Pro,7056,7,19.0,0.75,False,0
A-5f7781,Company_483,Basic,5016,7,7.0,1.0,False,0
A-9289f6,Company_104,Enterprise,23880,7,26.0,0.5,False,0
A-18793f,Company_488,Pro,87024,7,14.0,0.4,False,0
A-86fc1d,Company_328,Enterprise,0,7,26.0,0.4,False,0
A-bb1486,Company_265,Pro,24108,7,101.0,0.6666666666666666,True,0
A-bb1486,Company_265,Pro,24108,7,101.0,0.6666666666666666,True,0
A-35083d,Company_27,Pro,0,7,25.0,0.75,False,0
A-854864,Company_38,Enterprise,47760,7,25.0,0.4,False,0
A-c7ffc2,Company_392,Enterprise,71640,7,27.0,0.5,False,0
A-8ae3fc,Company_495,Basic,2052,7,32.0,0.5,False,0
A-7f6b86,Company_299,Pro,0,7,30.0,0.7142857142857143,False,0
A-e5d6ab,Company_7,Basic,8892,7,27.0,0.6666666666666666,False,0
A-425e76,Company_110,Basic,6156,7,0.0,0.6,False,0
A-425e76,Company_110,Basic,6156,7,0.0,0.6,False,0
A-425e76,Company_110,Basic,6156,7,0.0,0.6,False,0
A-18793f,Company_488,Pro,87024,7,12.0,0.4,False,0
A-ad64c6,Company_175,Enterprise,66864,7,25.0,0.5,False,0
A-158f4e,Company_180,Pro,35868,7,20.0,0.4,False,0
A-158f4e,Company_180,Pro,35868,7,20.0,0.4,False,0
A-d4ac0e,Company_364,Pro,14700,7,17.0,0.5,False,0
A-09540c,Company_239,Pro,39396,7,29.0,0.5,False,0
A-098560,Company_349,Basic,1596,7,25.0,0.5,False,0
A-65aeb5,Company_120,Enterprise,21492,7,16.0,0.5,False,0
A-cb6cc6,Company_419,Enterprise,0,7,14.0,0.6666666666666666,False,0
A-1d5444,Company_427,Enterprise,97908,7,0.0,1.0,False,0
A-bc87bc,Company_456,Enterprise,74028,7,19.0,0.42857142857142855,False,0
A-65aeb5,Company_120,Enterprise,21492,7,16.0,0.5,False,0
A-0b0d6d,Company_267,Basic,2736,7,21.0,0.4,False,0
A-e5d6ab,Company_7,Basic,8892,7,27.0,0.6666666666666666,False,0
A-b07b56,Company_292,Basic,5700,7,32.0,0.5,False,0
A-a1bbb6,Company_74,Pro,0,7,20.0,0.6666666666666666,False,0
A-0b0d6d,Company_267,Enterprise,124176,7,30.0,0.4,False,0
A-6a7c9d,Company_324,Pro,15288,7,22.0,0.6666666666666666,False,0
A-b07b56,Company_292,Pro,14700,7,25.0,0.5,False,0
A-c37cab,Company_278,Basic,6840,7,16.0,0.5,False,0
A-8ed5dd,Company_222,Enterprise,71640,7,13.0,0.5,False,0
A-54ecc2,Company_289,Pro,7644,7,28.0,0.4,False,0
A-54ecc2,Company_289,Pro,7644,7,28.0,0.4,False,0
A-54ecc2,Company_289,Pro,7644,7,28.0,0.4,False,0
A-b07b56,Company_292,Basic,0,7,32.0,0.5,False,0
A-8ed5dd,Company_222,Enterprise,71640,7,13.0,0.5,False,0
A-fa3095,Company_174,Basic,15960,7,23.0,0.4,False,0
A-158f4e,Company_180,Pro,35868,7,28.0,0.4,False,0
A-158f4e,Company_180,Pro,35868,7,28.0,0.4,False,0
A-7f6b86,Company_299,Pro,0,7,32.0,0.7142857142857143,False,0
A-0651a4,Company_255,Enterprise,38208,7,26.0,0.75,False,0
A-0651a4,Company_255,Enterprise,38208,7,26.0,0.75,False,0
A-b07b56,Company_292,Basic,0,7,14.0,0.5,False,0
A-7dacce,Company_8,Pro,7056,7,19.0,0.75,False,0
A-7dacce,Company_8,Pro,7056,7,19.0,0.75,False,0
A-6a7c9d,Company_324,Pro,15288,7,22.0,0.6666666666666666,False,0
A-186a44,Company_101,Pro,0,7,30.0,0.5714285714285714,False,0
A-1e50e0,Company_415,Enterprise,45372,7,9.0,0.5,False,0
A-dec005,Company_445,Basic,4788,7,28.0,0.5,False,0
A-1e50e0,Company_415,Enterprise,45372,7,9.0,0.5,False,0
A-bad8c1,Company_34,Enterprise,28656,7,33.0,1.0,False,0
A-39b19f,Company_176,Basic,2964,7,20.0,0.5,False,0
A-b3fe05,Company_238,Enterprise,109848,7,22.0,0.5,False,0
A-fa3095,Company_174,Enterprise,167160,7,17.0,0.4,False,0
A-72799b,Company_394,Pro,35868,7,32.0,0.5,False,0
A-7e0a10,Company_64,Basic,10488,7,24.0,0.4,False,0
A-d62e02,Company_420,Enterprise,38208,7,6.0,1.0,False,0
A-dfbd31,Company_190,Pro,25284,7,28.0,0.5,False,0
A-dfbd31,Company_190,Pro,25284,7,28.0,0.5,False,0
A-53f4e3,Company_194,Basic,2964,7,17.0,0.4,False,0
A-1f559b,Company_357,Pro,2940,7,31.0,0.4,False,0
A-1f0636,Company_368,Pro,0,7,31.0,1.0,False,0
A-1f559b,Company_357,Basic,1596,7,21.0,0.4,False,0
A-e19ff6,Company_411,Basic,1824,7,26.0,0.6666666666666666,False,0
A-e19ff6,Company_411,Basic,1824,7,26.0,0.6666666666666666,False,0
A-e19ff6,Company_411,Basic,1824,7,26.0,0.6666666666666666,False,0
A-c37cab,Company_278,Basic,6840,7,16.0,0.5,False,0
A-fda07f,Company_230,Basic,1596,7,33.0,0.4,False,0
A-6dee43,Company_478,Basic,2736,7,16.0,0.4,False,0
A-ccabf0,Company_471,Enterprise,26268,7,8.0,0.5,False,0
A-d4ac0e,Company_364,Basic,4104,7,23.0,0.5,False,0
A-781cc0,Company_499,Basic,7752,7,32.0,0.75,False,0
A-781cc0,Company_499,Basic,7752,7,32.0,0.75,False,0
A-425e76,Company_110,Basic,1824,7,30.0,0.6,False,0
A-4e0e85,Company_409,Pro,0,7,12.0,0.5,False,0
A-4e0e85,Company_409,Pro,0,7,12.0,0.5,False,0
A-425e76,Company_110,Basic,1824,7,30.0,0.6,False,0
A-ccabf0,Company_471,Enterprise,26268,7,8.0,0.5,False,0
A-96e141,Company_134,Enterprise,59700,7,20.0,0.4,False,0
A-0baac2,Company_264,Basic,7524,7,28.0,0.5,False,0
A-18793f,Company_488,Basic,33744,7,31.0,0.4,False,0
A-0baac2,Company_264,Basic,7524,7,28.0,0.5,False,0
A-0baac2,Company_264,Basic,7524,7,28.0,0.5,False,0
A-0baac2,Company_264,Basic,7524,7,28.0,0.5,False,0
A-dfbd31,Company_190,Pro,35280,7,16.0,0.5,False,0
A-dfbd31,Company_190,Pro,35280,7,16.0,0.5,False,0
A-425e76,Company_110,Basic,1824,7,30.0,0.6,False,0
A-425e76,Company_110,Basic,1824,7,30.0,0.6,False,0
A-d4ac0e,Company_364,Pro,10584,7,7.0,0.5,False,0
A-e19ff6,Company_411,Basic,8664,7,26.0,0.6666666666666666,False,0
A-aa9511,Company_203,Enterprise,231636,7,15.0,0.5,False,0
A-aa9511,Company_203,Enterprise,0,7,19.0,0.5,False,0
A-b3fe05,Company_238,Basic,3420,7,16.0,0.5,False,0
A-bb1486,Company_265,Pro,39396,7,16.0,0.6666666666666666,False,0
A-bb1486,Company_265,Pro,39396,7,16.0,0.6666666666666666,False,0
A-80eeb6,Company_402,Enterprise,162384,7,15.0,0.5,False,0
A-80eeb6,Company_402,Enterprise,162384,7,15.0,0.5,False,0
A-82d8a6,Company_444,Basic,6840,7,10.0,0.4,False,0
A-2ebb4b,Company_334,Enterprise,155220,7,30.0,0.5,False,0
A-95b24a,Company_117,Enterprise,0,7,59.0,0.6,True,0
A-2ebb4b,Company_334,Enterprise,155220,7,30.0,0.5,False,0
A-2ebb4b,Company_334,Enterprise,155220,7,30.0,0.5,False,0
A-f5641b,Company_382,Pro,18228,7,22.0,0.5,False,0
A-f5641b,Company_382,Pro,18228,7,22.0,0.5,False,0
A-e19ff6,Company_411,Basic,8664,7,26.0,0.6666666666666666,False,0
A-712533,Company_498,Enterprise,42984,7,19.0,0.4,False,0
A-d4ac0e,Company_364,Enterprise,47760,7,30.0,0.5,False,0
A-151c9a,Company_260,Pro,13524,7,69.0,0.5,True,0
A-098560,Company_349,Enterprise,9552,7,30.0,0.5,False,0
A-0baac2,Company_264,Enterprise,33432,7,27.0,0.5,False,0
A-0baac2,Company_264,Enterprise,33432,7,27.0,0.5,False,0
A-0baac2,Company_264,Enterprise,33432,7,27.0,0.5,False,0
A-7c83a1,Company_447,Pro,28224,7,33.0,0.5,False,0
A-186a44,Company_101,Basic,4560,7,30.0,0.5714285714285714,False,0
A-7a0d69,Company_187,Basic,1368,7,24.0,0.5,False,0
A-7a0d69,Company_187,Basic,1368,7,24.0,0.5,False,0
A-bcf664,Company_248,Basic,2964,7,30.0,0.4,False,0
A-bcf664,Company_248,Basic,2964,7,30.0,0.4,False,0
A-7a0d69,Company_187,Basic,1368,7,24.0,0.5,False,0
A-bcf664,Company_248,Basic,2964,7,30.0,0.4,False,0
A-d3c88e,Company_490,Basic,3648,7,29.0,0.6666666666666666,False,0
A-d62e02,Company_420,Enterprise,38208,7,3.0,1.0,False,0
A-5247b3,Company_375,Pro,0,7,32.0,0.4,False,0
A-5247b3,Company_375,Pro,0,7,32.0,0.4,False,0
A-098560,Company_349,Enterprise,9552,7,30.0,0.5,False,0
A-0baac2,Company_264,Enterprise,33432,7,27.0,0.5,False,0
A-82d8a6,Company_444,Basic,7296,7,20.0,0.4,False,0
A-7a0d69,Company_187,Pro,2352,7,30.0,0.5,False,0
A-462d45,Company_13,Pro,0,7,23.0,0.5,False,0
A-2ebb4b,Company_334,Basic,0,7,32.0,0.5,False,0
A-f6b2fb,Company_418,Pro,13524,7,40.0,0.4,True,0
A-e19ff6,Company_411,Pro,588,7,29.0,0.6666666666666666,False,0
A-6843f2,Company_335,Pro,0,7,84.0,0.5,True,0
A-e19ff6,Company_411,Pro,588,7,29.0,0.6666666666666666,False,0
A-0651a4,Company_255,Enterprise,45372,7,21.0,0.75,False,0
A-0651a4,Company_255,Enterprise,45372,7,21.0,0.75,False,0
A-80eeb6,Company_402,Pro,14700,7,24.0,0.5,False,0
A-80eeb6,Company_402,Pro,14700,7,24.0,0.5,False,0
A-e19ff6,Company_411,Pro,588,7,29.0,0.6666666666666666,False,0
A-d4ac0e,Company_364,Basic,6384,7,8.0,0.5,False,0
A-aa9511,Company_203,Enterprise,78804,7,22.0,0.5,False,0
A-7a0d69,Company_187,Pro,2352,7,30.0,0.5,False,0
A-7a0d69,Company_187,Pro,2352,7,30.0,0.5,False,0
A-dec005,Company_445,Pro,0,7,33.0,0.5,False,0
A-e19ff6,Company_411,Basic,8664,7,26.0,0.6666666666666666,False,0
A-86fc1d,Company_328,Basic,0,7,25.0,0.4,False,0
A-8e47ca,Company_191,Basic,4332,7,33.0,0.6,False,0
A-075038,Company_397,Pro,0,7,32.0,1.0,False,0
A-798a3f,Company_463,Enterprise,0,7,26.0,0.4,False,0
A-5247b3,Company_375,Enterprise,38208,7,25.0,0.4,False,0
A-5247b3,Company_375,Enterprise,38208,7,25.0,0.4,False,0
A-8e47ca,Company_191,Basic,4332,7,33.0,0.6,False,0
A-e19ff6,Company_411,Pro,4704,7,32.0,0.6666666666666666,False,0
A-4c56c9,Company_449,Basic,4104,7,25.0,0.4,False,0
A-1f7acb,Company_281,Pro,37632,7,44.0,0.42857142857142855,True,0
A-8e47ca,Company_191,Basic,4332,7,33.0,0.6,False,0
A-e36807,Company_164,Basic,0,7,30.0,0.5,False,0
A-82d8a6,Company_444,Enterprise,0,7,32.0,0.4,False,0
A-4e0e85,Company_409,Enterprise,14328,7,29.0,0.5,False,0
A-4e0e85,Company_409,Enterprise,14328,7,29.0,0.5,False,0
A-4bfa33,Company_251,Enterprise,0,7,25.0,0.5,False,0
A-e19ff6,Company_411,Pro,4704,7,32.0,0.6666666666666666,False,0
A-4bfa33,Company_251,Enterprise,0,7,25.0,0.5,False,0
A-342303,Company_294,Pro,16464,7,7.0,0.6666666666666666,False,0
A-4bfa33,Company_251,Enterprise,0,7,25.0,0.5,False,0
A-e19ff6,Company_411,Pro,4704,7,32.0,0.6666666666666666,False,0
A-6c093d,Company_12,Enterprise,145668,7,30.0,0.6666666666666666,False,0
A-6843f2,Company_335,Pro,13524,7,20.0,0.5,False,0
A-fa3095,Company_174,Pro,41160,7,25.0,0.4,False,0
A-2ebb4b,Company_334,Basic,0,7,32.0,0.5,False,0
A-d4ac0e,Company_364,Pro,10584,7,25.0,0.5,False,0
A-e1b9cd,Company_484,Enterprise,95520,7,64.0,1.0,True,0
A-4a4c2d,Company_473,Basic,12312,7,27.0,0.4,False,0
A-2ebb4b,Company_334,Basic,0,7,32.0,0.5,False,0
A-81edc3,Company_236,Pro,10584,7,23.0,1.0,False,0
A-726cfa,Company_82,Enterprise,71640,7,30.0,0.6666666666666666,False,0
A-fa3095,Company_174,Enterprise,167160,7,10.0,0.4,False,0
A-96e141,Company_134,Enterprise,59700,7,20.0,0.4,False,0
A-d62e02,Company_420,Basic,7296,7,12.0,1.0,False,0
A-81edc3,Company_236,Pro,10584,7,23.0,1.0,False,0
A-81edc3,Company_236,Pro,10584,7,23.0,1.0,False,0
A-432483,Company_78,Basic,0,6,16.0,0.0,False,0
A-43a9e3,Company_1,Pro,10584,6,30.0,0.0,False,0
A-e4144b,Company_316,Enterprise,0,6,12.0,0.3333333333333333,False,0
A-508199,Company_208,Enterprise,45372,6,20.0,0.0,False,0
A-5b4ebb,Company_69,Enterprise,50148,6,32.0,0.0,False,0
A-5a215a,Company_358,Basic,19836,6,19.0,0.0,False,0
A-3793ee,Company_332,Enterprise,117012,6,12.0,0.25,False,0
A-e83938,Company_111,Basic,456,6,14.0,0.0,False,0
A-eb7c38,Company_47,Enterprise,0,6,26.0,0.0,False,0
A-e83938,Company_111,Basic,456,6,14.0,0.0,False,0
A-52dd88,Company_127,Basic,5244,6,25.0,0.0,False,0
A-4437e4,Company_192,Enterprise,7164,6,27.0,0.3333333333333333,False,0
A-6f50ae,Company_466,Basic,4332,6,13.0,0.2,False,0
A-e83938,Company_111,Basic,456,6,14.0,0.0,False,0
A-bd4513,Company_205,Basic,11400,6,8.0,0.3333333333333333,False,0
A-6f50ae,Company_466,Basic,4332,6,13.0,0.2,False,0
A-6f8ad2,Company_57,Pro,588,6,25.0,0.25,False,0
A-cea1f0,Company_273,Basic,6840,6,21.0,0.2,False,0
A-e08cd3,Company_475,Pro,39396,6,7.0,0.375,False,0
A-e08cd3,Company_475,Pro,39396,6,7.0,0.375,False,0
A-7f8241,Company_42,Pro,19992,6,15.0,0.0,False,0
A-58b9ff,Company_425,Basic,2736,6,17.0,0.0,False,0
A-3cc791,Company_423,Basic,0,6,23.0,0.3333333333333333,False,0
A-856b1e,Company_161,Pro,14700,6,7.0,0.0,False,0
A-bd4513,Company_205,Basic,11400,6,8.0,0.3333333333333333,False,0
A-cbd1a3,Company_325,Pro,3528,6,33.0,0.0,False,0
A-6f8ad2,Company_57,Basic,4788,6,25.0,0.25,False,0
A-039727,Company_107,Enterprise,0,6,17.0,0.0,False,0
A-4ef964,Company_262,Pro,41160,6,5.0,0.3333333333333333,False,0
A-f97b9a,Company_159,Pro,31752,6,27.0,0.2857142857142857,False,0
A-ff3c73,Company_244,Pro,12348,6,33.0,0.0,False,0
A-ff3c73,Company_244,Pro,12348,6,33.0,0.0,False,0
A-600734,Company_327,Basic,6612,6,30.0,0.2857142857142857,False,0
A-d82ef9,Company_355,Basic,5928,6,21.0,0.2,False,0
A-58b9ff,Company_425,Pro,3528,6,23.0,0.0,False,0
A-cea1f0,Company_273,Basic,5700,6,78.0,0.2,True,0
A-adc1f3,Company_98,Pro,1176,6,0.0,0.3333333333333333,False,0
A-4d1e75,Company_58,Pro,11760,6,6.0,0.0,False,0
A-05d3b3,Company_213,Pro,5292,6,26.0,0.16666666666666666,False,0
A-f92792,Company_67,Basic,4104,6,30.0,0.0,False,0
A-05d3b3,Company_213,Pro,5292,6,26.0,0.16666666666666666,False,0
A-9affe6,Company_401,Enterprise,16716,6,27.0,0.3333333333333333,False,0
A-adc1f3,Company_98,Enterprise,19104,6,18.0,0.3333333333333333,False,0
A-b2af2e,Company_227,Basic,2508,6,17.0,0.0,False,0
A-ccc747,Company_339,Pro,21756,6,18.0,0.0,False,0
A-ccc747,Company_339,Pro,21756,6,18.0,0.0,False,0
A-ccc747,Company_339,Pro,21756,6,18.0,0.0,False,0
A-544d0a,Company_153,Pro,25284,6,22.0,0.0,False,0
A-dbc825,Company_252,Enterprise,45372,6,32.0,0.3333333333333333,False,0
A-7da956,Company_141,Basic,2964,6,25.0,0.0,False,0
A-b07346,Company_269,Enterprise,121788,6,26.0,0.3333333333333333,False,0
A-558c72,Company_438,Basic,2736,6,11.0,0.25,False,0
A-94d3da,Company_61,Basic,9348,6,31.0,0.16666666666666666,False,0
A-9779ad,Company_171,Basic,0,6,20.0,0.3333333333333333,False,0
A-9779ad,Company_171,Basic,0,6,20.0,0.3333333333333333,False,0
A-87aa7b,Company_433,Enterprise,0,6,11.0,0.3333333333333333,False,0
A-9779ad,Company_171,Basic,0,6,20.0,0.3333333333333333,False,0
A-659280,Company_417,Basic,4560,6,32.0,0.0,False,0
A-bbc346,Company_138,Pro,11760,6,29.0,0.0,False,0
A-bbc346,Company_138,Pro,11760,6,29.0,0.0,False,0
A-b7ef83,Company_474,Enterprise,21492,6,30.0,0.0,False,0
A-b7ef83,Company_474,Enterprise,21492,6,30.0,0.0,False,0
A-068fc6,Company_465,Pro,20580,6,19.0,0.0,False,0
A-87aa7b,Company_433,Enterprise,0,6,11.0,0.3333333333333333,False,0
A-87aa7b,Company_433,Enterprise,0,6,11.0,0.3333333333333333,False,0
A-9779ad,Company_171,Pro,23520,6,32.0,0.3333333333333333,False,0
A-9779ad,Company_171,Pro,23520,6,32.0,0.3333333333333333,False,0
A-9779ad,Company_171,Pro,23520,6,32.0,0.3333333333333333,False,0
A-1986ca,Company_197,Enterprise,47760,6,26.0,0.2857142857142857,False,0
A-a1b80b,Company_184,Enterprise,38208,6,34.0,0.0,True,0
A-2d1036,Company_399,Pro,40572,6,28.0,0.2,False,0
A-2d1036,Company_399,Pro,40572,6,28.0,0.2,False,0
A-3a7284,Company_93,Basic,8436,6,74.0,0.3333333333333333,True,0
A-e51ec7,Company_113,Enterprise,198204,6,16.0,0.3333333333333333,False,0
A-659280,Company_417,Basic,4560,6,32.0,0.0,False,0
A-684255,Company_20,Enterprise,21492,6,25.0,0.0,False,0
A-417d2f,Company_285,Basic,11172,6,20.0,0.3333333333333333,False,0
A-42b791,Company_464,Basic,4560,6,17.0,0.3333333333333333,False,0
A-700ade,Company_472,Pro,7056,6,16.0,0.0,False,0
A-ccc747,Company_339,Pro,9408,6,23.0,0.0,False,0
A-ccc747,Company_339,Pro,9408,6,23.0,0.0,False,0
A-ccc747,Company_339,Pro,9408,6,23.0,0.0,False,0
A-1986ca,Company_197,Enterprise,47760,6,8.0,0.2857142857142857,False,0
A-8bde0c,Company_287,Pro,7056,6,22.0,0.3333333333333333,False,0
A-8bde0c,Company_287,Pro,7056,6,22.0,0.3333333333333333,False,0
A-9174e0,Company_73,Basic,8436,6,22.0,0.0,False,0
A-32fb14,Company_25,Basic,5928,6,26.0,0.0,False,0
A-32fb14,Company_25,Basic,5928,6,26.0,0.0,False,0
A-32fb14,Company_25,Basic,5928,6,26.0,0.0,False,0
A-43a9e3,Company_1,Basic,5016,6,27.0,0.0,False,0
A-474ad4,Company_261,Pro,4704,6,22.0,0.0,False,0
A-503d5a,Company_99,Enterprise,133728,6,9.0,0.3333333333333333,False,0
A-029f69,Company_129,Pro,15876,6,21.0,0.0,False,0
A-029f69,Company_129,Pro,15876,6,21.0,0.0,False,0
A-118d55,Company_65,Basic,3420,6,12.0,0.2,False,0
A-fa2041,Company_211,Enterprise,35820,6,31.0,0.0,False,0
A-684255,Company_20,Enterprise,21492,6,25.0,0.0,False,0
A-029f69,Company_129,Pro,15876,6,21.0,0.0,False,0
A-3f9cc0,Company_359,Enterprise,52536,6,68.0,0.2,True,0
A-993085,Company_258,Enterprise,74028,6,41.0,0.25,True,0
A-993085,Company_258,Enterprise,74028,6,41.0,0.25,True,0
A-089363,Company_387,Basic,9120,6,30.0,0.3333333333333333,False,0
A-94d3da,Company_61,Pro,24108,6,18.0,0.16666666666666666,False,0
A-94d3da,Company_61,Basic,0,6,13.0,0.16666666666666666,False,0
A-bd4708,Company_257,Enterprise,88356,6,10.0,0.25,False,0
A-ffc04f,Company_307,Pro,0,6,27.0,0.2857142857142857,False,0
A-4814a3,Company_337,Enterprise,0,6,19.0,0.0,False,0
A-c62e55,Company_315,Pro,19992,6,10.0,0.0,False,0
A-f92792,Company_67,Pro,15288,6,21.0,0.0,False,0
A-e888d1,Company_102,Basic,0,6,11.0,0.2,False,0
A-e888d1,Company_102,Basic,0,6,11.0,0.2,False,0
A-700ade,Company_472,Pro,588,6,32.0,0.0,False,0
A-e888d1,Company_102,Basic,0,6,11.0,0.2,False,0
A-3f9cc0,Company_359,Enterprise,52536,6,68.0,0.2,True,0
A-ad3abd,Company_410,Enterprise,105072,6,19.0,0.3333333333333333,False,0
A-fabe19,Company_97,Enterprise,28656,6,24.0,0.3333333333333333,False,0
A-3f9cc0,Company_359,Enterprise,52536,6,68.0,0.2,True,0
A-9ee962,Company_59,Pro,17640,6,31.0,0.3333333333333333,False,0
A-118d55,Company_65,Basic,3420,6,12.0,0.2,False,0
A-ed510f,Company_361,Pro,24696,6,33.0,0.1111111111111111,False,0
A-508199,Company_208,Basic,6156,6,26.0,0.0,False,0
A-de58ca,Company_212,Pro,0,6,22.0,0.2,False,0
A-5790f4,Company_446,Basic,7524,6,28.0,0.0,False,0
A-5790f4,Company_446,Basic,7524,6,28.0,0.0,False,0
A-19b2c8,Company_476,Enterprise,0,6,31.0,0.3333333333333333,False,0
A-92a3af,Company_259,Pro,45276,6,50.0,0.25,True,0
A-684255,Company_20,Pro,7056,6,24.0,0.0,False,0
A-684255,Company_20,Pro,7056,6,24.0,0.0,False,0
A-ff3c73,Company_244,Basic,10260,6,25.0,0.0,False,0
A-ff3c73,Company_244,Basic,10260,6,25.0,0.0,False,0
A-22d9d2,Company_188,Pro,14700,6,19.0,0.16666666666666666,False,0
A-2d1036,Company_399,Basic,15732,6,29.0,0.2,False,0
A-2d1036,Company_399,Basic,15732,6,29.0,0.2,False,0
A-0aaf6e,Company_114,Pro,21756,6,28.0,0.2,False,0
A-e51ec7,Company_113,Enterprise,198204,6,16.0,0.3333333333333333,False,0
A-417d2f,Company_285,Pro,2352,6,28.0,0.3333333333333333,False,0
A-089363,Company_387,Enterprise,0,6,17.0,0.3333333333333333,False,0
A-700ade,Company_472,Basic,11400,6,19.0,0.0,False,0
A-c62e55,Company_315,Basic,2280,6,31.0,0.0,False,0
A-e51ec7,Company_113,Enterprise,198204,6,16.0,0.3333333333333333,False,0
A-671f31,Company_137,Enterprise,140892,6,13.0,0.2857142857142857,False,0
A-5790f4,Company_446,Basic,7524,6,28.0,0.0,False,0
A-940b8b,Company_398,Basic,12768,6,20.0,0.3333333333333333,False,0
A-3be56b,Company_200,Basic,1596,6,18.0,0.0,False,0
A-9174e0,Company_73,Enterprise,0,6,24.0,0.0,False,0
A-3be56b,Company_200,Basic,1596,6,18.0,0.0,False,0
A-bcf87c,Company_288,Pro,5880,6,11.0,0.0,False,0
A-a33200,Company_352,Enterprise,69252,6,14.0,0.0,False,0
A-9f9299,Company_133,Basic,13908,6,21.0,0.2,False,0
A-9f9299,Company_133,Basic,13908,6,21.0,0.2,False,0
A-ad3abd,Company_410,Pro,25872,6,32.0,0.3333333333333333,False,0
A-659280,Company_417,Enterprise,0,6,25.0,0.0,False,0
A-625d0b,Company_290,Pro,24696,6,10.0,0.2,False,0
A-7f8241,Company_42,Enterprise,81192,6,32.0,0.0,False,0
A-474ad4,Company_261,Pro,4704,6,25.0,0.0,False,0
A-bcf87c,Company_288,Basic,3876,6,43.0,0.0,True,0
A-a33200,Company_352,Pro,17052,6,30.0,0.0,False,0
A-3b5cd1,Company_49,Enterprise,31044,6,21.0,0.0,False,0
A-3b5cd1,Company_49,Enterprise,31044,6,21.0,0.0,False,0
A-993085,Company_258,Enterprise,74028,6,13.0,0.25,False,0
A-993085,Company_258,Enterprise,74028,6,13.0,0.25,False,0
A-3b5cd1,Company_49,Enterprise,31044,6,21.0,0.0,False,0
A-7d514c,Company_119,Pro,12348,6,31.0,0.3333333333333333,False,0
A-bd4708,Company_257,Basic,0,6,19.0,0.25,False,0
A-dbc825,Company_252,Enterprise,45372,6,32.0,0.3333333333333333,False,0
A-659280,Company_417,Enterprise,0,6,25.0,0.0,False,0
A-2789e3,Company_268,Basic,2508,6,24.0,0.0,False,0
A-751c58,Company_393,Enterprise,35820,6,32.0,0.0,False,0
A-6f50ae,Company_466,Basic,4332,6,57.0,0.2,True,0
A-6f50ae,Company_466,Basic,4332,6,57.0,0.2,True,0
A-4c38bc,Company_55,Pro,21168,6,25.0,0.3333333333333333,False,0
A-37f969,Company_150,Enterprise,71640,6,11.0,0.2,False,0
A-37f969,Company_150,Enterprise,71640,6,11.0,0.2,False,0
A-37f969,Company_150,Enterprise,71640,6,11.0,0.2,False,0
A-37f969,Company_150,Enterprise,71640,6,11.0,0.2,False,0
A-e08cd3,Company_475,Enterprise,159996,6,28.0,0.375,False,0
A-6da850,Company_293,Basic,0,6,69.0,0.2,True,0
A-84ebe4,Company_68,Enterprise,50148,6,20.0,0.25,False,0
A-6da850,Company_293,Basic,0,6,69.0,0.2,True,0
A-f92792,Company_67,Basic,4332,6,27.0,0.0,False,0
A-b7ef83,Company_474,Enterprise,62088,6,33.0,0.0,False,0
A-40de06,Company_369,Pro,16464,6,9.0,0.0,False,0
A-b7ef83,Company_474,Enterprise,62088,6,33.0,0.0,False,0
A-c4ea60,Company_18,Basic,10944,6,42.0,0.0,True,0
A-cc102e,Company_443,Enterprise,31044,6,15.0,0.25,False,0
A-9779ad,Company_171,Pro,23520,6,29.0,0.3333333333333333,False,0
A-d77f4c,Company_470,Enterprise,19104,6,17.0,0.0,False,0
A-9779ad,Company_171,Pro,23520,6,29.0,0.3333333333333333,False,0
A-560d27,Company_266,Enterprise,54924,6,13.0,0.0,False,0
A-9779ad,Company_171,Pro,23520,6,29.0,0.3333333333333333,False,0
A-cc102e,Company_443,Enterprise,31044,6,15.0,0.25,False,0
A-cc102e,Company_443,Enterprise,31044,6,15.0,0.25,False,0
A-d77f4c,Company_470,Enterprise,19104,6,17.0,0.0,False,0
A-d77f4c,Company_470,Enterprise,19104,6,17.0,0.0,False,0
A-58b9ff,Company_425,Pro,0,6,10.0,0.0,False,0
A-751c58,Company_393,Enterprise,35820,6,32.0,0.0,False,0
A-751c58,Company_393,Enterprise,35820,6,32.0,0.0,False,0
A-3c1a3f,Company_224,Basic,1596,6,18.0,0.25,False,0
A-cea1f0,Company_273,Pro,4704,6,24.0,0.2,False,0
A-84ebe4,Company_68,Enterprise,50148,6,20.0,0.25,False,0
A-de24d5,Company_231,Pro,2940,6,25.0,0.2857142857142857,False,0
A-d4e0d4,Company_403,Pro,68796,6,47.0,0.25,True,0
A-029f69,Company_129,Pro,5880,6,11.0,0.0,False,0
A-794a0b,Company_168,Basic,5244,6,19.0,0.0,False,0
A-029f69,Company_129,Pro,5880,6,11.0,0.0,False,0
A-029f69,Company_129,Pro,5880,6,11.0,0.0,False,0
A-08e34e,Company_32,Pro,8232,6,29.0,0.3333333333333333,False,0
A-08e34e,Company_32,Pro,8232,6,29.0,0.3333333333333333,False,0
A-e08cd3,Company_475,Pro,39396,6,30.0,0.375,False,0
A-e08cd3,Company_475,Pro,39396,6,30.0,0.375,False,0
A-bd4708,Company_257,Pro,0,6,27.0,0.25,False,0
A-9f0b68,Company_489,Enterprise,31044,6,19.0,0.3333333333333333,False,0
A-9f0b68,Company_489,Enterprise,31044,6,19.0,0.3333333333333333,False,0
A-4e631b,Company_298,Enterprise,95520,6,32.0,0.0,False,0
A-296d7c,Company_182,Pro,9408,6,20.0,0.0,False,0
A-6e08f3,Company_220,Enterprise,57312,6,29.0,0.0,False,0
A-b2af2e,Company_227,Basic,12312,6,55.0,0.0,True,0
A-331424,Company_246,Pro,0,6,20.0,0.0,False,0
A-f45426,Company_172,Basic,2052,6,61.0,0.0,True,0
A-f45426,Company_172,Basic,2052,6,61.0,0.0,True,0
A-5c046d,Company_130,Basic,21204,6,23.0,0.0,False,0
A-313be3,Company_136,Enterprise,112236,6,32.0,0.0,False,0
A-474ad4,Company_261,Enterprise,57312,6,9.0,0.0,False,0
A-313be3,Company_136,Enterprise,112236,6,32.0,0.0,False,0
A-e08cd3,Company_475,Enterprise,159996,6,28.0,0.375,False,0
A-59f724,Company_432,Pro,0,6,30.0,0.25,False,0
A-ac9111,Company_487,Enterprise,50148,6,26.0,0.0,False,0
A-6da850,Company_293,Basic,0,6,69.0,0.2,True,0
A-9bfc9f,Company_228,Pro,31164,6,38.0,0.3333333333333333,True,0
A-e60f9d,Company_178,Enterprise,69252,6,33.0,0.0,False,0
A-1b707d,Company_56,Pro,4116,6,27.0,0.0,False,0
A-474ad4,Company_261,Enterprise,0,6,29.0,0.0,False,0
A-ba6516,Company_154,Basic,6156,6,57.0,0.0,True,0
A-5790f4,Company_446,Enterprise,150444,6,29.0,0.0,False,0
A-5790f4,Company_446,Enterprise,150444,6,29.0,0.0,False,0
A-de58ca,Company_212,Enterprise,0,6,24.0,0.2,False,0
A-de58ca,Company_212,Enterprise,148056,6,30.0,0.2,False,0
A-1b707d,Company_56,Basic,0,6,21.0,0.0,False,0
A-ef84cf,Company_274,Basic,5244,6,68.0,0.0,True,0
A-40de06,Company_369,Pro,16464,6,30.0,0.0,False,0
A-2d4502,Company_45,Basic,13908,6,28.0,0.0,False,0
A-ef84cf,Company_274,Basic,5244,6,68.0,0.0,True,0
A-98a59a,Company_80,Basic,12768,6,23.0,0.3333333333333333,False,0
A-cea1f0,Company_273,Enterprise,50148,6,28.0,0.2,False,0
A-970c97,Company_477,Enterprise,33432,6,50.0,0.0,True,0
A-5a92e7,Company_413,Enterprise,0,6,31.0,0.14285714285714285,False,0
A-ef84cf,Company_274,Basic,5244,6,68.0,0.0,True,0
A-8bde0c,Company_287,Basic,0,6,24.0,0.3333333333333333,False,0
A-8bde0c,Company_287,Basic,0,6,24.0,0.3333333333333333,False,0
A-5a92e7,Company_413,Enterprise,0,6,31.0,0.14285714285714285,False,0
A-779e4e,Company_193,Enterprise,14328,6,28.0,0.0,False,0
A-5790f4,Company_446,Enterprise,150444,6,29.0,0.0,False,0
A-19b2c8,Company_476,Pro,19404,5,8.0,0.3333333333333333,False,0
A-751c58,Company_393,Basic,16188,5,27.0,0.0,False,0
A-439b2f,Company_152,Basic,1596,5,29.0,0.0,False,0
A-354f12,Company_201,Enterprise,81192,5,61.0,0.0,True,0
A-32fb14,Company_25,Pro,18816,5,33.0,0.0,False,0
A-439b2f,Company_152,Basic,1596,5,29.0,0.0,False,0
A-10b8f2,Company_151,Basic,11628,5,21.0,0.0,False,0
A-32fb14,Company_25,Pro,18816,5,33.0,0.0,False,0
A-a1b80b,Company_184,Basic,5016,5,30.0,0.0,False,0
A-32fb14,Company_25,Pro,18816,5,33.0,0.0,False,0
A-751c58,Company_393,Basic,16188,5,27.0,0.0,False,0
A-474ad4,Company_261,Pro,0,5,24.0,0.0,False,0
A-9badbd,Company_63,Enterprise,16716,5,18.0,0.2,False,0
A-acb7f7,Company_330,Pro,24108,5,27.0,0.0,False,0
A-751c58,Company_393,Basic,16188,5,27.0,0.0,False,0
A-a8d89d,Company_326,Basic,2964,5,31.0,0.0,False,0
A-3b5cd1,Company_49,Pro,12348,5,25.0,0.0,False,0
A-3b5cd1,Company_49,Pro,12348,5,25.0,0.0,False,0
A-3b5cd1,Company_49,Pro,12348,5,25.0,0.0,False,0
A-bcbe98,Company_452,Basic,10488,5,51.0,0.14285714285714285,True,0
A-533452,Company_279,Enterprise,21492,5,52.0,0.25,True,0
A-a8d89d,Company_326,Basic,2964,5,31.0,0.0,False,0
A-df10db,Company_143,Enterprise,28656,5,25.0,0.0,False,0
A-87aa7b,Company_433,Pro,14112,5,41.0,0.3333333333333333,True,0
A-d535f6,Company_421,Enterprise,0,5,66.0,0.0,True,0
A-cab532,Company_218,Enterprise,59700,5,25.0,0.0,False,0
A-d3c88e,Company_490,Pro,9408,5,61.0,0.6666666666666666,False,0
A-439b2f,Company_152,Basic,912,5,9.0,0.0,False,0
A-439b2f,Company_152,Basic,912,5,9.0,0.0,False,0
A-91e948,Company_88,Pro,24108,5,24.0,0.0,False,0
A-00cac8,Company_26,Pro,11172,5,67.0,0.0,True,0
A-fd9422,Company_263,Pro,0,5,24.0,0.16666666666666666,False,0
A-1f7acb,Company_281,Enterprise,152832,5,81.0,0.42857142857142855,False,0
A-e4144b,Company_316,Enterprise,97908,5,33.0,0.3333333333333333,False,0
A-b48f73,Company_225,Enterprise,191040,5,61.0,0.6666666666666666,False,0
A-ff79f2,Company_165,Enterprise,54924,5,25.0,0.0,False,0
A-02fac6,Company_52,Basic,5016,5,26.0,0.16666666666666666,False,0
A-dbc825,Company_252,Enterprise,107460,5,29.0,0.3333333333333333,False,0
A-dbc825,Company_252,Enterprise,107460,5,29.0,0.3333333333333333,False,0
A-5c9849,Company_362,Basic,4332,5,0.0,0.0,False,0
A-313be3,Company_136,Pro,27636,5,18.0,0.0,False,0
A-313be3,Company_136,Pro,27636,5,18.0,0.0,False,0
A-3b37d9,Company_384,Pro,0,5,20.0,0.2,False,0
A-c1e51e,Company_173,Basic,1596,5,48.0,0.2,True,0
A-50bb9f,Company_373,Enterprise,42984,5,12.0,0.14285714285714285,False,0
A-50bb9f,Company_373,Enterprise,42984,5,12.0,0.14285714285714285,False,0
A-df10db,Company_143,Enterprise,28656,5,25.0,0.0,False,0
A-524364,Company_388,Basic,2736,5,18.0,0.3333333333333333,False,0
A-c1e51e,Company_173,Basic,1596,5,48.0,0.2,True,0
A-faa28c,Company_91,Pro,38220,5,33.0,0.0,False,0
A-751bd4,Company_408,Basic,2280,5,12.0,0.16666666666666666,False,0
A-3b37d9,Company_384,Pro,0,5,20.0,0.2,False,0
A-a8b49c,Company_72,Pro,15288,5,15.0,0.0,False,0
A-4c6f11,Company_146,Basic,6156,5,42.0,0.3333333333333333,True,0
A-ac14bb,Company_15,Pro,12348,5,71.0,0.5,False,0
A-d77f4c,Company_470,Pro,17052,5,28.0,0.0,False,0
A-443b7c,Company_280,Basic,1824,5,21.0,0.25,False,0
A-94f8c9,Company_51,Enterprise,40596,5,32.0,0.0,False,0
A-bf7919,Company_426,Enterprise,0,5,49.0,0.5,False,0
A-b9eed8,Company_189,Pro,7644,5,60.0,0.2,True,0
A-bf7919,Company_426,Enterprise,0,5,49.0,0.5,False,0
A-f446b6,Company_36,Basic,1140,5,26.0,0.25,False,0
A-dcc2f0,Company_309,Basic,5016,5,12.0,0.0,False,0
A-f9cc74,Company_360,Enterprise,71640,5,15.0,0.0,False,0
A-4a267b,Company_451,Pro,14700,5,33.0,0.25,False,0
A-05d3b3,Company_213,Enterprise,38208,5,26.0,0.16666666666666666,False,0
A-a1b80b,Company_184,Enterprise,38208,5,33.0,0.0,False,0
A-8adedc,Company_300,Pro,46452,5,31.0,0.25,False,0
A-05d3b3,Company_213,Enterprise,38208,5,26.0,0.16666666666666666,False,0
A-1b707d,Company_56,Enterprise,38208,5,31.0,0.0,False,0
A-b2225d,Company_50,Pro,29400,5,84.0,1.0,False,0
A-cab532,Company_218,Enterprise,26268,5,33.0,0.0,False,0
A-acb7f7,Company_330,Basic,7296,5,44.0,0.0,True,0
A-ba6516,Company_154,Basic,6156,5,17.0,0.0,False,0
A-241e75,Company_242,Pro,27048,5,10.0,0.25,False,0
A-241e75,Company_242,Pro,27048,5,10.0,0.25,False,0
A-ccb686,Company_491,Pro,30576,5,64.0,1.0,False,0
A-533452,Company_279,Enterprise,21492,5,52.0,0.25,True,0
A-533452,Company_279,Enterprise,21492,5,52.0,0.25,True,0
A-533452,Company_279,Enterprise,21492,5,52.0,0.25,True,0
A-cbbe12,Company_450,Pro,23520,5,17.0,0.3333333333333333,False,0
A-d26ab4,Company_497,Enterprise,78804,5,21.0,0.0,False,0
A-4e631b,Company_298,Basic,5016,5,24.0,0.0,False,0
A-712426,Company_155,Enterprise,0,5,11.0,0.16666666666666666,False,0
A-d77f4c,Company_470,Pro,17052,5,28.0,0.0,False,0
A-ac14bb,Company_15,Pro,12348,5,71.0,0.5,False,0
A-d77f4c,Company_470,Pro,17052,5,28.0,0.0,False,0
A-58b9ff,Company_425,Pro,37044,5,93.0,0.0,True,0
A-b2225d,Company_50,Pro,29400,5,84.0,1.0,False,0
A-faa28c,Company_91,Pro,38220,5,33.0,0.0,False,0
A-5a92e7,Company_413,Pro,25284,5,32.0,0.14285714285714285,False,0
A-ccb686,Company_491,Pro,30576,5,64.0,1.0,False,0
A-5a92e7,Company_413,Pro,25284,5,32.0,0.14285714285714285,False,0
A-117171,Company_135,Pro,0,5,21.0,0.16666666666666666,False,0
A-4c6f11,Company_146,Basic,6156,5,42.0,0.3333333333333333,True,0
A-dfbd31,Company_190,Pro,8232,5,40.0,0.5,False,0
A-dfbd31,Company_190,Pro,8232,5,40.0,0.5,False,0
A-acb7f7,Company_330,Pro,18816,5,22.0,0.0,False,0
A-117171,Company_135,Pro,0,5,21.0,0.16666666666666666,False,0
A-5a92e7,Company_413,Pro,20580,5,14.0,0.14285714285714285,False,0
A-5a92e7,Company_413,Pro,20580,5,14.0,0.14285714285714285,False,0
A-59f724,Company_432,Pro,10584,5,33.0,0.25,False,0
A-eb2fdc,Company_216,Enterprise,112236,5,21.0,0.0,False,0
A-b2225d,Company_50,Pro,29400,5,84.0,1.0,False,0
A-117171,Company_135,Pro,0,5,21.0,0.16666666666666666,False,0
A-bece89,Company_128,Pro,22344,5,22.0,0.0,False,0
A-bece89,Company_128,Pro,22344,5,22.0,0.0,False,0
A-781cc0,Company_499,Enterprise,52536,5,42.0,0.75,False,0
A-781cc0,Company_499,Enterprise,52536,5,42.0,0.75,False,0
A-98a59a,Company_80,Basic,12768,5,20.0,0.3333333333333333,False,0
A-443f6f,Company_304,Pro,11172,5,26.0,0.25,False,0
A-712426,Company_155,Enterprise,0,5,11.0,0.16666666666666666,False,0
A-712426,Company_155,Enterprise,0,5,11.0,0.16666666666666666,False,0
A-50f3f7,Company_140,Enterprise,107460,5,17.0,0.16666666666666666,False,0
A-331424,Company_246,Enterprise,26268,5,20.0,0.0,False,0
A-e60f9d,Company_178,Pro,27048,5,17.0,0.0,False,0
A-d535f6,Company_421,Enterprise,0,5,66.0,0.0,True,0
A-50bb9f,Company_373,Pro,17640,5,25.0,0.14285714285714285,False,0
A-ccabf0,Company_471,Basic,3876,5,41.0,0.5,False,0
A-ccabf0,Company_471,Basic,3876,5,41.0,0.5,False,0
A-ccb686,Company_491,Pro,0,5,57.0,1.0,False,0
A-ccb686,Company_491,Pro,0,5,57.0,1.0,False,0
A-ccb686,Company_491,Pro,0,5,57.0,1.0,False,0
A-cb6cc6,Company_419,Pro,7644,5,52.0,0.6666666666666666,False,0
A-50bb9f,Company_373,Pro,17640,5,25.0,0.14285714285714285,False,0
A-b2225d,Company_50,Pro,27636,5,102.0,1.0,False,0
A-157070,Company_85,Basic,3876,5,24.0,0.0,False,0
A-b2225d,Company_50,Pro,27636,5,102.0,1.0,False,0
A-b2225d,Company_50,Pro,27636,5,102.0,1.0,False,0
A-96bbc6,Company_342,Basic,8892,5,75.0,0.3333333333333333,True,0
A-96bbc6,Company_342,Basic,8892,5,75.0,0.3333333333333333,True,0
A-a0ca4e,Company_6,Pro,28812,5,0.0,0.3333333333333333,False,0
A-96bbc6,Company_342,Basic,8892,5,75.0,0.3333333333333333,True,0
A-c42f1f,Company_21,Basic,1824,5,16.0,0.3333333333333333,False,0
A-e61e98,Company_115,Basic,4332,5,26.0,0.16666666666666666,False,0
A-855a48,Company_389,Enterprise,33432,5,70.0,0.6,False,0
A-bb3bd4,Company_340,Basic,5244,5,0.0,0.18181818181818182,False,0
A-180abf,Company_122,Pro,37632,5,33.0,0.0,False,0
A-e51ec7,Company_113,Basic,0,5,29.0,0.3333333333333333,False,0
A-e51ec7,Company_113,Basic,0,5,29.0,0.3333333333333333,False,0
A-e51ec7,Company_113,Basic,0,5,29.0,0.3333333333333333,False,0
A-180abf,Company_122,Pro,37632,5,33.0,0.0,False,0
A-dfbd31,Company_190,Basic,0,5,39.0,0.5,False,0
A-180abf,Company_122,Pro,37632,5,33.0,0.0,False,0
A-b30291,Company_344,Basic,1140,5,19.0,0.0,False,0
A-180abf,Company_122,Pro,37632,5,33.0,0.0,False,0
A-fa2041,Company_211,Enterprise,38208,5,17.0,0.0,False,0
A-180abf,Company_122,Pro,37632,5,33.0,0.0,False,0
A-f17767,Company_123,Pro,15288,5,67.0,0.3333333333333333,True,0
A-f97b9a,Company_159,Basic,3648,5,9.0,0.2857142857142857,False,0
A-7920cc,Company_412,Pro,22932,5,11.0,0.0,False,0
A-9174e0,Company_73,Enterprise,88356,5,30.0,0.0,False,0
A-e98302,Company_286,Basic,3648,5,25.0,0.2222222222222222,False,0
A-1f0636,Company_368,Enterprise,250740,5,63.0,1.0,False,0
A-ced9aa,Company_310,Enterprise,7164,5,23.0,0.14285714285714285,False,0
A-bb3bd4,Company_340,Basic,5244,5,0.0,0.18181818181818182,False,0
A-902ef7,Company_270,Basic,0,5,27.0,0.0,False,0
A-8e47ca,Company_191,Enterprise,45372,5,86.0,0.6,False,0
A-8b25f2,Company_96,Pro,17052,5,55.0,0.0,True,0
A-417d2f,Company_285,Enterprise,9552,5,33.0,0.3333333333333333,False,0
A-9174e0,Company_73,Basic,8436,5,30.0,0.0,False,0
A-1f0ac7,Company_3,Basic,7752,5,50.0,0.5,False,0
A-f5641b,Company_382,Enterprise,74028,5,48.0,0.5,False,0
A-f5641b,Company_382,Enterprise,74028,5,48.0,0.5,False,0
A-8e47ca,Company_191,Enterprise,45372,5,86.0,0.6,False,0
A-8e47ca,Company_191,Enterprise,45372,5,86.0,0.6,False,0
A-2d4502,Company_45,Enterprise,16716,5,17.0,0.0,False,0
A-50bb9f,Company_373,Pro,31752,5,0.0,0.14285714285714285,False,0
A-6a4e2d,Company_46,Enterprise,52536,5,26.0,0.0,False,0
A-856b1e,Company_161,Pro,21168,5,27.0,0.0,False,0
A-50bb9f,Company_373,Pro,31752,5,0.0,0.14285714285714285,False,0
A-ba6516,Company_154,Enterprise,64476,5,0.0,0.0,False,0
A-6965e1,Company_379,Pro,10584,5,27.0,0.3333333333333333,False,0
A-6965e1,Company_379,Pro,10584,5,27.0,0.3333333333333333,False,0
A-378b99,Company_60,Pro,9408,5,70.0,0.16666666666666666,True,0
A-cb6cc6,Company_419,Basic,2964,5,75.0,0.6666666666666666,False,0
A-f17767,Company_123,Pro,8820,5,0.0,0.3333333333333333,False,0
A-9affe6,Company_401,Enterprise,16716,5,31.0,0.3333333333333333,False,0
A-692f18,Company_195,Basic,3192,5,72.0,0.5,False,0
A-4e960a,Company_277,Pro,7056,5,25.0,0.0,False,0
A-560d27,Company_266,Enterprise,136116,5,32.0,0.0,False,0
A-855a48,Company_389,Basic,3192,5,38.0,0.6,False,0
A-0e966d,Company_493,Basic,2508,5,18.0,0.3333333333333333,False,0
A-157070,Company_85,Basic,3876,5,24.0,0.0,False,0
A-3be56b,Company_200,Basic,8436,5,19.0,0.0,False,0
A-3a5ad8,Company_94,Enterprise,0,5,14.0,0.25,False,0
A-80eeb6,Company_402,Pro,12936,5,67.0,0.5,False,0
A-3be56b,Company_200,Basic,8436,5,19.0,0.0,False,0
A-2e4581,Company_0,Pro,7644,5,60.0,0.5,False,0
A-2e4581,Company_0,Pro,7644,5,60.0,0.5,False,0
A-53f4e3,Company_194,Pro,11172,5,35.0,0.4,False,0
A-ac85cd,Company_485,Pro,31164,5,85.0,0.0,True,0
A-ac85cd,Company_485,Pro,31164,5,85.0,0.0,True,0
A-80eeb6,Company_402,Pro,12936,5,67.0,0.5,False,0
A-dfbd31,Company_190,Basic,0,5,39.0,0.5,False,0
A-37f969,Company_150,Pro,17640,5,27.0,0.2,False,0
A-6965e1,Company_379,Enterprise,31044,5,9.0,0.3333333333333333,False,0
A-81edc3,Company_236,Pro,24108,5,90.0,1.0,False,0
A-e83938,Company_111,Pro,2940,5,33.0,0.0,False,0
A-e83938,Company_111,Pro,2940,5,33.0,0.0,False,0
A-7dacce,Company_8,Enterprise,31044,5,54.0,0.75,False,0
A-7dacce,Company_8,Enterprise,31044,5,54.0,0.75,False,0
A-81edc3,Company_236,Pro,24108,5,90.0,1.0,False,0
A-e83938,Company_111,Pro,2940,5,33.0,0.0,False,0
A-5a215a,Company_358,Enterprise,0,5,0.0,0.0,False,0
A-76fa4d,Company_226,Enterprise,164772,5,55.0,0.4,False,0
A-f17767,Company_123,Pro,12936,5,0.0,0.3333333333333333,False,0
A-76fa4d,Company_226,Enterprise,164772,5,55.0,0.4,False,0
A-c43359,Company_83,Basic,8664,5,26.0,0.3333333333333333,False,0
A-c43359,Company_83,Basic,8664,5,26.0,0.3333333333333333,False,0
A-cb5333,Company_370,Enterprise,78804,5,14.0,0.25,False,0
A-81edc3,Company_236,Pro,24108,5,90.0,1.0,False,0
A-e83938,Company_111,Pro,1176,5,27.0,0.0,False,0
A-e83938,Company_111,Pro,1176,5,27.0,0.0,False,0
A-f44180,Company_376,Enterprise,21492,5,30.0,0.0,False,0
A-cbd1a3,Company_325,Enterprise,14328,5,24.0,0.0,False,0
A-526d93,Company_66,Enterprise,102684,5,84.0,0.4,False,0
A-a6d261,Company_303,Basic,2052,5,33.0,0.25,False,0
A-6965e1,Company_379,Enterprise,31044,5,9.0,0.3333333333333333,False,0
A-6965e1,Company_379,Enterprise,31044,5,9.0,0.3333333333333333,False,0
A-71615e,Company_167,Enterprise,131340,5,22.0,0.0,False,0
A-7f4db3,Company_441,Enterprise,42984,5,33.0,0.2,False,0
A-a7bd4b,Company_363,Basic,5016,5,66.0,0.5,False,0
A-016043,Company_405,Enterprise,33432,5,48.0,0.6666666666666666,False,0
A-f92792,Company_67,Enterprise,83580,5,4.0,0.0,False,0
A-8145a0,Company_33,Enterprise,7164,5,14.0,0.16666666666666666,False,0
A-7dacce,Company_8,Enterprise,31044,5,54.0,0.75,False,0
A-d77f4c,Company_470,Enterprise,26268,5,18.0,0.0,False,0
A-d77f4c,Company_470,Enterprise,26268,5,18.0,0.0,False,0
A-3a5ad8,Company_94,Basic,0,5,5.0,0.25,False,0
A-d77f4c,Company_470,Enterprise,26268,5,18.0,0.0,False,0
A-50f3f7,Company_140,Pro,18228,5,34.0,0.16666666666666666,True,0
A-692f18,Company_195,Pro,29400,5,56.0,0.5,False,0
A-87aa7b,Company_433,Pro,14112,5,41.0,0.3333333333333333,True,0
A-e83938,Company_111,Pro,1176,5,27.0,0.0,False,0
A-526d93,Company_66,Enterprise,102684,5,84.0,0.4,False,0
A-37f969,Company_150,Pro,17640,5,27.0,0.2,False,0
A-6c093d,Company_12,Basic,6156,5,82.0,0.6666666666666666,False,0
A-592832,Company_10,Pro,10584,5,31.0,0.3333333333333333,False,0
A-31ab9a,Company_460,Enterprise,7164,5,29.0,0.14285714285714285,False,0
A-10b8f2,Company_151,Pro,31752,5,16.0,0.0,False,0
A-ad64c6,Company_175,Enterprise,66864,5,75.0,0.5,False,0
A-ad64c6,Company_175,Enterprise,66864,5,75.0,0.5,False,0
A-bb1486,Company_265,Basic,9348,5,45.0,0.6666666666666666,False,0
A-bb1486,Company_265,Basic,9348,5,45.0,0.6666666666666666,False,0
A-95b24a,Company_117,Pro,27636,5,41.0,0.6,False,0
A-22f2df,Company_106,Pro,0,5,57.0,0.6,False,0
A-0158bb,Company_461,Pro,12348,5,13.0,0.0,False,0
A-de58ca,Company_212,Pro,8820,5,33.0,0.2,False,0
A-37f969,Company_150,Pro,17640,5,27.0,0.2,False,0
A-30b4ca,Company_23,Basic,19608,5,19.0,0.0,False,0
A-158f4e,Company_180,Basic,13908,5,52.0,0.4,False,0
A-158f4e,Company_180,Basic,13908,5,52.0,0.4,False,0
A-37f969,Company_150,Pro,17640,5,27.0,0.2,False,0
A-31ab9a,Company_460,Enterprise,7164,5,29.0,0.14285714285714285,False,0
A-40906c,Company_235,Pro,54096,5,32.0,0.0,False,0
A-526d93,Company_66,Enterprise,102684,5,84.0,0.4,False,0
A-8b25f2,Company_96,Enterprise,23880,5,15.0,0.0,False,0
A-d4ac0e,Company_364,Pro,10584,5,57.0,0.5,False,0
A-118f1c,Company_492,Pro,0,5,28.0,0.0,False,0
A-cc98bc,Company_469,Basic,7296,5,31.0,0.0,False,0
A-e1b9cd,Company_484,Pro,0,5,81.0,1.0,False,0
A-ff3c73,Company_244,Basic,0,5,17.0,0.0,False,0
A-ff3c73,Company_244,Basic,0,5,17.0,0.0,False,0
A-7f6b86,Company_299,Basic,10260,5,38.0,0.7142857142857143,False,0
A-378b99,Company_60,Enterprise,21492,5,31.0,0.16666666666666666,False,0
A-31ab9a,Company_460,Enterprise,33432,5,27.0,0.14285714285714285,False,0
A-34ea2f,Company_436,Pro,13524,5,32.0,0.0,False,0
A-34ea2f,Company_436,Pro,13524,5,32.0,0.0,False,0
A-86fc1d,Company_328,Enterprise,62088,5,57.0,0.4,False,0
A-cc8c8f,Company_482,Basic,5244,5,23.0,0.0,False,0
A-5ed98d,Company_479,Pro,14112,5,24.0,0.0,False,0
A-5ed98d,Company_479,Pro,14112,5,24.0,0.0,False,0
A-31ab9a,Company_460,Enterprise,33432,5,27.0,0.14285714285714285,False,0
A-87aa7b,Company_433,Pro,14112,5,41.0,0.3333333333333333,True,0
A-313be3,Company_136,Enterprise,0,5,24.0,0.0,False,0
A-5a3eb9,Company_283,Pro,40572,5,22.0,0.3333333333333333,False,0
A-5a3eb9,Company_283,Pro,40572,5,22.0,0.3333333333333333,False,0
A-84ebe4,Company_68,Basic,4104,5,31.0,0.25,False,0
A-84ebe4,Company_68,Basic,4104,5,31.0,0.25,False,0
A-3be56b,Company_200,Enterprise,42984,5,48.0,0.0,True,0
A-c16cf7,Company_377,Basic,0,5,28.0,0.0,False,0
A-c16cf7,Company_377,Basic,0,5,28.0,0.0,False,0
A-3be56b,Company_200,Enterprise,42984,5,48.0,0.0,True,0
A-0532a9,Company_170,Enterprise,50148,5,33.0,0.125,False,0
A-0f3e88,Company_428,Basic,1596,5,26.0,0.0,False,0
A-7e0a10,Company_64,Enterprise,109848,5,68.0,0.4,False,0
A-4437e4,Company_192,Pro,28812,5,33.0,0.3333333333333333,False,0
A-2b9d3e,Company_319,Basic,2508,5,22.0,0.3333333333333333,False,0
A-d42431,Company_378,Basic,5016,5,40.0,0.25,True,0
A-6da850,Company_293,Enterprise,0,5,16.0,0.2,False,0
A-d42431,Company_378,Basic,5016,5,40.0,0.25,True,0
A-cb5333,Company_370,Basic,0,5,15.0,0.25,False,0
A-692f18,Company_195,Enterprise,16716,5,44.0,0.5,False,0
A-503d5a,Company_99,Enterprise,9552,5,31.0,0.3333333333333333,False,0
A-7920cc,Company_412,Enterprise,93132,5,6.0,0.0,False,0
A-6da850,Company_293,Enterprise,0,5,16.0,0.2,False,0
A-6da850,Company_293,Enterprise,0,5,16.0,0.2,False,0
A-94f8c9,Company_51,Basic,16872,5,9.0,0.0,False,0
A-e2cd1b,Company_121,Enterprise,0,5,32.0,0.2,False,0
A-2d1036,Company_399,Pro,40572,5,72.0,0.2,True,0
A-2d1036,Company_399,Pro,40572,5,72.0,0.2,True,0
A-712426,Company_155,Basic,2052,5,0.0,0.16666666666666666,False,0
A-712426,Company_155,Basic,2052,5,0.0,0.16666666666666666,False,0
A-712426,Company_155,Basic,2052,5,0.0,0.16666666666666666,False,0
A-b78bf8,Company_148,Basic,7524,5,23.0,0.0,False,0
A-0a282f,Company_2,Pro,11760,5,72.0,0.0,True,0
A-4d1e75,Company_58,Enterprise,90744,5,17.0,0.0,False,0
A-9ee962,Company_59,Pro,14700,5,71.0,0.3333333333333333,True,0
A-b9f5b1,Company_494,Enterprise,0,5,24.0,0.0,False,0
A-eb1312,Company_322,Pro,14700,5,15.0,0.0,False,0
A-eb1312,Company_322,Pro,14700,5,15.0,0.0,False,0
A-eb7c38,Company_47,Basic,2052,5,53.0,0.0,True,0
A-0a282f,Company_2,Pro,11760,5,72.0,0.0,True,0
A-eb2fdc,Company_216,Enterprise,74028,5,29.0,0.0,False,0
A-5fe118,Company_374,Enterprise,93132,5,16.0,0.0,False,0
A-ccb686,Company_491,Enterprise,0,5,97.0,1.0,False,0
A-d4e0d4,Company_403,Enterprise,279396,5,11.0,0.25,False,0
A-68f37c,Company_202,Basic,0,5,7.0,0.2,False,0
A-3c1a3f,Company_224,Enterprise,7164,5,32.0,0.25,False,0
A-e60f9d,Company_178,Enterprise,138504,5,3.0,0.0,False,0
A-e2cd1b,Company_121,Enterprise,38208,5,10.0,0.2,False,0
A-40de06,Company_369,Basic,6384,5,72.0,0.0,True,0
A-4a267b,Company_451,Pro,14700,5,38.0,0.25,True,0
A-019782,Company_142,Basic,0,5,22.0,0.0,False,0
A-68f37c,Company_202,Basic,0,5,7.0,0.2,False,0
A-68f37c,Company_202,Basic,0,5,7.0,0.2,False,0
A-671f31,Company_137,Pro,34692,5,18.0,0.2857142857142857,False,0
A-68f37c,Company_202,Basic,0,5,7.0,0.2,False,0
A-eb7c38,Company_47,Basic,1140,5,19.0,0.0,False,0
A-b20d99,Company_29,Basic,4560,5,28.0,0.0,False,0
A-039727,Company_107,Enterprise,59700,5,53.0,0.0,True,0
A-b7ef83,Company_474,Enterprise,19104,5,16.0,0.0,False,0
A-b7ef83,Company_474,Enterprise,19104,5,16.0,0.0,False,0
A-ce550d,Company_4,Enterprise,83580,5,18.0,0.2857142857142857,False,0
A-09316c,Company_341,Pro,41160,5,8.0,0.25,False,0
A-ee42db,Company_77,Pro,7644,5,19.0,0.25,False,0
A-98a59a,Company_80,Pro,0,5,78.0,0.3333333333333333,True,0
A-b7724f,Company_320,Basic,2736,5,20.0,0.0,False,0
A-ccb686,Company_491,Enterprise,0,5,97.0,1.0,False,0
A-ccb686,Company_491,Enterprise,0,5,97.0,1.0,False,0
A-779e4e,Company_193,Enterprise,138504,5,30.0,0.0,False,0
A-ad3abd,Company_410,Basic,10032,5,15.0,0.3333333333333333,False,0
A-186a44,Company_101,Enterprise,0,5,55.0,0.5714285714285714,False,0
A-b7724f,Company_320,Basic,2736,5,20.0,0.0,False,0
A-9f0b68,Company_489,Basic,3192,5,24.0,0.3333333333333333,False,0
A-b7724f,Company_320,Basic,2736,5,20.0,0.0,False,0
A-ee42db,Company_77,Pro,7644,5,19.0,0.25,False,0
A-9f0b68,Company_489,Basic,3192,5,24.0,0.3333333333333333,False,0
A-9f9299,Company_133,Pro,16464,5,11.0,0.2,False,0
A-4e44e8,Company_22,Basic,2508,5,19.0,0.0,False,0
A-4e44e8,Company_22,Basic,2508,5,19.0,0.0,False,0
A-ee42db,Company_77,Pro,7644,5,19.0,0.25,False,0
A-9f9299,Company_133,Pro,16464,5,11.0,0.2,False,0
A-ee42db,Company_77,Pro,7644,5,19.0,0.25,False,0
A-3c1a3f,Company_224,Pro,48216,5,22.0,0.25,False,0
A-de24d5,Company_231,Enterprise,0,5,9.0,0.2857142857142857,False,0
A-54ecc2,Company_289,Pro,2352,5,47.0,0.4,False,0
A-702032,Company_186,Basic,6384,5,29.0,0.25,False,0
A-5ed98d,Company_479,Enterprise,57312,5,32.0,0.0,False,0
A-5ed98d,Company_479,Enterprise,57312,5,32.0,0.0,False,0
A-eb1312,Company_322,Basic,16188,5,18.0,0.0,False,0
A-eb1312,Company_322,Basic,16188,5,18.0,0.0,False,0
A-354f12,Company_201,Enterprise,21492,5,24.0,0.0,False,0
A-71615e,Company_167,Basic,0,5,11.0,0.0,False,0
A-702032,Company_186,Basic,6384,5,29.0,0.25,False,0
A-1f0ac7,Company_3,Pro,14112,5,66.0,0.5,False,0
A-19b2c8,Company_476,Enterprise,47760,5,24.0,0.3333333333333333,False,0
A-271f46,Company_84,Basic,8664,5,21.0,0.0,False,0
A-271f46,Company_84,Basic,8664,5,21.0,0.0,False,0
A-9b9fe9,Company_71,Pro,2940,5,0.0,0.25,False,0
A-9b9fe9,Company_71,Pro,2940,5,0.0,0.25,False,0
A-922109,Company_243,Basic,0,5,31.0,0.3333333333333333,False,0
A-4d1e75,Company_58,Enterprise,47760,5,19.0,0.0,False,0
A-d82ef9,Company_355,Enterprise,0,5,29.0,0.2,False,0
A-7dacce,Company_8,Pro,7056,5,76.0,0.75,False,0
A-d27f50,Company_163,Pro,25872,5,12.0,0.25,False,0
A-7d514c,Company_119,Basic,0,5,18.0,0.3333333333333333,False,0
A-6a4e2d,Company_46,Basic,4560,5,51.0,0.0,True,0
A-bece89,Company_128,Enterprise,62088,5,18.0,0.0,False,0
A-bece89,Company_128,Enterprise,62088,5,18.0,0.0,False,0
A-d27f50,Company_163,Enterprise,0,5,23.0,0.25,False,0
A-c70870,Company_253,Pro,55272,5,18.0,0.2,False,0
A-1f0636,Company_368,Enterprise,250740,5,99.0,1.0,False,0
A-2d1036,Company_399,Enterprise,164772,5,30.0,0.2,False,0
A-2d1036,Company_399,Enterprise,164772,5,30.0,0.2,False,0
A-439b2f,Company_152,Pro,15288,5,11.0,0.0,False,0
A-7dacce,Company_8,Pro,7056,5,76.0,0.75,False,0
A-40de06,Company_369,Basic,13680,5,26.0,0.0,False,0
A-157070,Company_85,Enterprise,54924,5,62.0,0.0,True,0
A-439b2f,Company_152,Pro,15288,5,11.0,0.0,False,0
A-157070,Company_85,Enterprise,54924,5,62.0,0.0,True,0
A-92a3af,Company_259,Enterprise,64476,5,29.0,0.25,False,0
A-ac9111,Company_487,Enterprise,50148,5,30.0,0.0,False,0
A-7dacce,Company_8,Pro,7056,5,76.0,0.75,False,0
A-297a2d,Company_448,Enterprise,85968,5,60.0,1.0,False,0
A-f44180,Company_376,Enterprise,0,5,10.0,0.0,False,0
A-54ecc2,Company_289,Pro,2352,5,47.0,0.4,False,0
A-6965e1,Company_379,Enterprise,31044,5,28.0,0.3333333333333333,False,0
A-dcc2f0,Company_309,Pro,8820,5,27.0,0.0,False,0
A-439b2f,Company_152,Basic,1368,5,26.0,0.0,False,0
A-439b2f,Company_152,Basic,1368,5,26.0,0.0,False,0
A-86902e,Company_169,Basic,7752,5,33.0,0.1111111111111111,False,0
A-6965e1,Company_379,Enterprise,31044,5,28.0,0.3333333333333333,False,0
A-a8d89d,Company_326,Basic,0,5,26.0,0.0,False,0
A-a8d89d,Company_326,Basic,0,5,26.0,0.0,False,0
A-2d4502,Company_45,Enterprise,81192,5,7.0,0.0,False,0
A-075038,Company_397,Basic,8436,5,40.0,1.0,False,0
A-089363,Company_387,Enterprise,0,5,4.0,0.3333333333333333,False,0
A-6da850,Company_293,Basic,5700,5,28.0,0.2,False,0
A-6da850,Company_293,Basic,5700,5,28.0,0.2,False,0
A-6da850,Company_293,Basic,5700,5,28.0,0.2,False,0
A-54ecc2,Company_289,Pro,2352,5,47.0,0.4,False,0
A-6965e1,Company_379,Enterprise,31044,5,28.0,0.3333333333333333,False,0
A-cb6cc6,Company_419,Enterprise,0,5,38.0,0.6666666666666666,False,0
A-533452,Company_279,Pro,59388,5,29.0,0.25,False,0
A-34d880,Company_207,Enterprise,9552,5,31.0,0.0,False,0
A-bb1eaa,Company_468,Basic,4788,5,33.0,0.16666666666666666,False,0
A-4e960a,Company_277,Enterprise,0,5,29.0,0.0,False,0
A-922109,Company_243,Basic,0,5,31.0,0.3333333333333333,False,0
A-4f18f0,Company_145,Basic,5472,5,30.0,0.2,False,0
A-4437e4,Company_192,Basic,3876,5,22.0,0.3333333333333333,False,0
A-f92792,Company_67,Pro,8820,5,8.0,0.0,False,0
A-eafc6e,Company_149,Pro,15876,5,28.0,0.0,False,0
A-aa9511,Company_203,Enterprise,54924,5,67.0,0.5,False,0
A-eafc6e,Company_149,Pro,15876,5,28.0,0.0,False,0
A-533452,Company_279,Pro,59388,5,29.0,0.25,False,0
A-533452,Company_279,Pro,59388,5,29.0,0.25,False,0
A-9f2731,Company_24,Pro,0,5,33.0,0.0,False,0
A-9f2731,Company_24,Pro,0,5,33.0,0.0,False,0
A-533452,Company_279,Pro,59388,5,29.0,0.25,False,0
A-eb7fac,Company_28,Pro,7056,5,29.0,0.0,False,0
A-09316c,Company_341,Enterprise,167160,5,33.0,0.25,False,0
A-4f18f0,Company_145,Basic,5472,5,30.0,0.2,False,0
A-54d94a,Company_385,Basic,12540,5,21.0,0.0,False,0
A-c1dfe1,Company_53,Basic,7524,5,32.0,0.3333333333333333,False,0
A-5f2961,Company_284,Basic,12540,5,37.0,1.0,False,0
A-d77f4c,Company_470,Enterprise,224472,5,32.0,0.0,False,0
A-5b4ebb,Company_69,Basic,0,5,24.0,0.0,False,0
A-d792a6,Company_486,Basic,0,5,27.0,0.2,False,0
A-7f8241,Company_42,Enterprise,81192,5,13.0,0.0,False,0
A-7c6b6b,Company_223,Pro,16464,5,72.0,0.4,False,0
A-7920cc,Company_412,Basic,8892,5,24.0,0.0,False,0
A-271f46,Company_84,Enterprise,0,5,31.0,0.0,False,0
A-faa28c,Company_91,Basic,10944,5,28.0,0.0,False,0
A-cd458b,Company_430,Enterprise,62088,5,21.0,0.0,False,0
A-96bbc6,Company_342,Pro,22932,5,28.0,0.3333333333333333,False,0
A-271f46,Company_84,Enterprise,0,5,31.0,0.0,False,0
A-96bbc6,Company_342,Pro,22932,5,28.0,0.3333333333333333,False,0
A-96bbc6,Company_342,Pro,22932,5,28.0,0.3333333333333333,False,0
A-c37601,Company_48,Enterprise,28656,5,22.0,0.0,False,0
A-e08cd3,Company_475,Enterprise,0,5,0.0,0.375,False,0
A-fce879,Company_291,Pro,0,5,45.0,0.0,True,0
A-fce879,Company_291,Pro,0,5,45.0,0.0,True,0
A-c62e55,Company_315,Pro,14112,5,33.0,0.0,False,0
A-d792a6,Company_486,Basic,0,5,27.0,0.2,False,0
A-4e631b,Company_298,Enterprise,52536,5,27.0,0.0,False,0
A-00cac8,Company_26,Enterprise,47760,5,14.0,0.0,False,0
A-40de06,Company_369,Pro,16464,5,32.0,0.0,False,0
A-9bfc9f,Company_228,Pro,31164,5,51.0,0.3333333333333333,True,0
A-faa28c,Company_91,Enterprise,0,5,28.0,0.0,False,0
A-4f18f0,Company_145,Basic,5472,5,19.0,0.2,False,0
A-4f18f0,Company_145,Basic,5472,5,19.0,0.2,False,0
A-d49cc5,Company_275,Pro,44100,5,27.0,0.0,False,0
A-c45b23,Company_75,Enterprise,21492,5,37.0,0.6666666666666666,False,0
A-faa28c,Company_91,Enterprise,0,5,28.0,0.0,False,0
A-9badbd,Company_63,Basic,23484,5,22.0,0.2,False,0
A-b07b56,Company_292,Basic,5700,5,35.0,0.5,False,0
A-09316c,Company_341,Basic,15960,5,25.0,0.25,False,0
A-4ef964,Company_262,Pro,16464,5,23.0,0.3333333333333333,False,0
A-e08cd3,Company_475,Enterprise,159996,5,16.0,0.375,False,0
A-e08cd3,Company_475,Enterprise,159996,5,16.0,0.375,False,0
A-faa28c,Company_91,Basic,10944,5,28.0,0.0,False,0
A-02cd81,Company_76,Pro,25872,5,12.0,0.3333333333333333,False,0
A-ac9111,Company_487,Pro,24108,5,89.0,0.0,True,0
A-bcbe98,Company_452,Pro,27048,5,24.0,0.14285714285714285,False,0
A-e08cd3,Company_475,Enterprise,0,5,0.0,0.375,False,0
A-117171,Company_135,Enterprise,0,5,31.0,0.16666666666666666,False,0
A-4e960a,Company_277,Basic,2736,5,11.0,0.0,False,0
A-812c5b,Company_395,Enterprise,131340,5,15.0,0.25,False,0
A-40a557,Company_86,Enterprise,131340,5,17.0,0.14285714285714285,False,0
A-ee42db,Company_77,Pro,0,5,90.0,0.25,True,0
A-a2485e,Company_467,Enterprise,7164,5,48.0,0.0,True,0
A-dfbd31,Company_190,Enterprise,33432,5,37.0,0.5,False,0
A-dfbd31,Company_190,Enterprise,33432,5,37.0,0.5,False,0
A-104f1a,Company_89,Basic,7752,5,31.0,0.2,False,0
A-104f1a,Company_89,Basic,7752,5,31.0,0.2,False,0
A-ee42db,Company_77,Pro,0,5,90.0,0.25,True,0
A-104f1a,Company_89,Basic,7752,5,31.0,0.2,False,0
A-592832,Company_10,Pro,0,5,100.0,0.3333333333333333,True,0
A-bc4d48,Company_343,Pro,20580,5,65.0,0.5,False,0
A-ccb686,Company_491,Pro,30576,5,64.0,1.0,False,0
A-a0ca4e,Company_6,Enterprise,28656,5,30.0,0.3333333333333333,False,0
A-fdfc91,Company_414,Basic,25308,5,25.0,0.2,False,0
A-5a3eb9,Company_283,Pro,40572,5,22.0,0.3333333333333333,False,0
A-ee42db,Company_77,Pro,0,5,90.0,0.25,True,0
A-313be3,Company_136,Enterprise,0,5,24.0,0.0,False,0
A-95b24a,Company_117,Enterprise,102684,5,53.0,0.6,False,0
A-029f69,Company_129,Pro,1764,5,19.0,0.0,False,0
A-7920cc,Company_412,Basic,8892,5,29.0,0.0,False,0
A-443f6f,Company_304,Basic,8664,5,14.0,0.25,False,0
A-32728c,Company_54,Enterprise,0,5,31.0,0.0,False,0
A-7df7a7,Company_125,Enterprise,107460,5,40.0,0.6666666666666666,False,0
A-32728c,Company_54,Enterprise,0,5,31.0,0.0,False,0
A-32728c,Company_54,Enterprise,0,5,31.0,0.0,False,0
A-029f69,Company_129,Pro,1764,5,19.0,0.0,False,0
A-029f69,Company_129,Pro,1764,5,19.0,0.0,False,0
A-e7beab,Company_458,Pro,11172,5,33.0,0.3333333333333333,False,0
A-a8b49c,Company_72,Basic,1596,5,26.0,0.0,False,0
A-313be3,Company_136,Enterprise,0,5,28.0,0.0,False,0
A-313be3,Company_136,Enterprise,0,5,28.0,0.0,False,0
A-d27f50,Company_163,Basic,10032,5,31.0,0.25,False,0
A-65aeb5,Company_120,Basic,2052,5,89.0,0.5,False,0
A-ee42db,Company_77,Pro,0,5,90.0,0.25,True,0
A-65aeb5,Company_120,Basic,2052,5,89.0,0.5,False,0
A-0f7d77,Company_457,Basic,1368,5,43.0,0.6,False,0
A-117171,Company_135,Enterprise,0,5,31.0,0.16666666666666666,False,0
A-d77f4c,Company_470,Enterprise,224472,5,32.0,0.0,False,0
A-671f31,Company_137,Basic,13452,5,0.0,0.2857142857142857,False,0
A-e7a1e2,Company_295,Basic,2280,5,0.0,0.0,False,0
A-e7a1e2,Company_295,Basic,2280,5,0.0,0.0,False,0
A-7f4db3,Company_441,Basic,0,5,34.0,0.2,True,0
A-92a333,Company_116,Basic,2052,5,60.0,0.25,True,0
A-117171,Company_135,Enterprise,107460,5,54.0,0.16666666666666666,True,0
A-117171,Company_135,Enterprise,107460,5,54.0,0.16666666666666666,True,0
A-117171,Company_135,Enterprise,107460,5,54.0,0.16666666666666666,True,0
A-cd458b,Company_430,Enterprise,23880,5,93.0,0.0,True,0
A-adc1f3,Company_98,Pro,5292,5,25.0,0.3333333333333333,False,0
A-8adedc,Company_300,Basic,912,5,25.0,0.25,False,0
A-751c58,Company_393,Pro,26460,5,29.0,0.0,False,0
A-751c58,Company_393,Pro,26460,5,29.0,0.0,False,0
A-751c58,Company_393,Pro,26460,5,29.0,0.0,False,0
A-71615e,Company_167,Enterprise,35820,5,31.0,0.0,False,0
A-f3ff05,Company_44,Pro,2352,5,14.0,0.3333333333333333,False,0
A-425e76,Company_110,Basic,6384,5,63.0,0.6,False,0
A-e7a1e2,Company_295,Basic,2280,5,0.0,0.0,False,0
A-202b67,Company_305,Pro,6468,5,28.0,0.25,False,0
A-855a48,Company_389,Basic,3192,5,50.0,0.6,False,0
A-1ac5e0,Company_126,Enterprise,0,5,44.0,0.5714285714285714,False,0
A-d77f4c,Company_470,Enterprise,224472,5,32.0,0.0,False,0
A-9b9fe9,Company_71,Basic,7524,5,30.0,0.25,False,0
A-9b9fe9,Company_71,Basic,7524,5,30.0,0.25,False,0
A-b11cd0,Company_439,Pro,15288,5,23.0,0.0,False,0
A-054577,Company_455,Pro,20580,5,25.0,0.0,False,0
A-8adedc,Company_300,Enterprise,0,5,18.0,0.25,False,0
A-02cd81,Company_76,Pro,0,5,17.0,0.3333333333333333,False,0
A-fda07f,Company_230,Enterprise,64476,5,42.0,0.4,False,0
A-902ef7,Company_270,Basic,18924,5,11.0,0.0,False,0
A-f5641b,Company_382,Pro,22344,5,99.0,0.5,False,0
A-b2af2e,Company_227,Enterprise,11940,5,31.0,0.0,False,0
A-5b1bcd,Company_166,Pro,0,5,29.0,0.0,False,0
A-f5641b,Company_382,Pro,22344,5,99.0,0.5,False,0
A-c1dfe1,Company_53,Basic,7524,5,32.0,0.3333333333333333,False,0
A-202b67,Company_305,Pro,6468,5,28.0,0.25,False,0
A-49b828,Company_391,Basic,5472,5,31.0,0.0,False,0
A-425e76,Company_110,Basic,6384,5,63.0,0.6,False,0
A-17939a,Company_162,Basic,8208,5,25.0,0.2857142857142857,False,0
A-10b8da,Company_9,Basic,3192,5,64.0,0.6666666666666666,False,0
A-5247b3,Company_375,Basic,7524,5,80.0,0.4,False,0
A-40a557,Company_86,Pro,9408,5,19.0,0.14285714285714285,False,0
A-b20d99,Company_29,Basic,4560,5,27.0,0.0,False,0
A-9ee962,Company_59,Enterprise,69252,5,0.0,0.3333333333333333,False,0
A-d5a319,Company_158,Basic,0,5,45.0,0.0,True,0
A-f03140,Company_209,Basic,8664,5,19.0,0.14285714285714285,False,0
A-e08cd3,Company_475,Pro,39396,5,33.0,0.375,False,0
A-5247b3,Company_375,Basic,7524,5,80.0,0.4,False,0
A-4d1e75,Company_58,Basic,4560,5,23.0,0.0,False,0
A-1e50e0,Company_415,Pro,57624,5,41.0,0.5,False,0
A-68f37c,Company_202,Basic,21432,5,10.0,0.2,False,0
A-f9cc74,Company_360,Enterprise,0,5,24.0,0.0,False,0
A-e08cd3,Company_475,Pro,39396,5,33.0,0.375,False,0
A-68f37c,Company_202,Basic,21432,5,10.0,0.2,False,0
A-68f37c,Company_202,Basic,21432,5,10.0,0.2,False,0
A-68f37c,Company_202,Basic,21432,5,10.0,0.2,False,0
A-117171,Company_135,Enterprise,0,5,31.0,0.16666666666666666,False,0
A-7f29a7,Company_386,Basic,9348,5,14.0,0.0,False,0
A-eb2fdc,Company_216,Pro,18228,5,19.0,0.0,False,0
A-425e76,Company_110,Basic,6384,5,63.0,0.6,False,0
A-5a3eb9,Company_283,Enterprise,42984,5,26.0,0.3333333333333333,False,0
A-425e76,Company_110,Basic,6384,5,63.0,0.6,False,0
A-bb2f49,Company_356,Pro,9408,5,32.0,0.3333333333333333,False,0
A-37f969,Company_150,Basic,11628,5,8.0,0.2,False,0
A-37f969,Company_150,Basic,11628,5,8.0,0.2,False,0
A-37f969,Company_150,Basic,11628,5,8.0,0.2,False,0
A-37f969,Company_150,Basic,11628,5,8.0,0.2,False,0
A-5a3eb9,Company_283,Enterprise,42984,5,26.0,0.3333333333333333,False,0
A-5a3eb9,Company_283,Enterprise,42984,5,26.0,0.3333333333333333,False,0
A-533452,Company_279,Enterprise,35820,5,83.0,0.25,True,0
A-de58ca,Company_212,Pro,8820,5,26.0,0.2,False,0
A-de24d5,Company_231,Basic,1140,5,29.0,0.2857142857142857,False,0
A-1e50e0,Company_415,Pro,57624,5,41.0,0.5,False,0
A-726cfa,Company_82,Enterprise,90744,5,52.0,0.6666666666666666,False,0
A-533452,Company_279,Enterprise,35820,5,83.0,0.25,True,0
A-533452,Company_279,Enterprise,35820,5,83.0,0.25,True,0
A-533452,Company_279,Enterprise,35820,5,83.0,0.25,True,0
A-6965e1,Company_379,Pro,10584,5,27.0,0.3333333333333333,False,0
A-9affe6,Company_401,Enterprise,16716,5,24.0,0.3333333333333333,False,0
A-b44e3e,Company_383,Pro,0,5,31.0,0.0,False,0
A-781cc0,Company_499,Basic,2736,5,43.0,0.75,False,0
A-883b7d,Company_313,Pro,15876,5,26.0,0.14285714285714285,False,0
A-0dbdc6,Company_366,Pro,17640,5,31.0,0.25,False,0
A-0dbdc6,Company_366,Pro,17640,5,31.0,0.25,False,0
A-c7e58b,Company_404,Basic,684,5,26.0,0.2,False,0
A-039727,Company_107,Basic,5700,5,27.0,0.0,False,0
A-71615e,Company_167,Basic,3420,5,26.0,0.0,False,0
A-faa28c,Company_91,Basic,0,5,6.0,0.0,False,0
A-faa28c,Company_91,Basic,0,5,6.0,0.0,False,0
A-17939a,Company_162,Pro,16464,5,19.0,0.2857142857142857,False,0
A-781cc0,Company_499,Basic,2736,5,43.0,0.75,False,0
A-e4144b,Company_316,Pro,24108,5,19.0,0.3333333333333333,False,0
A-600734,Company_327,Basic,6612,5,31.0,0.2857142857142857,False,0
A-a8d89d,Company_326,Pro,7644,5,19.0,0.0,False,0
A-a8d89d,Company_326,Pro,7644,5,19.0,0.0,False,0
A-a6d261,Company_303,Enterprise,33432,5,16.0,0.25,False,0
A-4c38bc,Company_55,Basic,8208,5,14.0,0.3333333333333333,False,0
A-977ca0,Company_232,Pro,20580,5,32.0,0.3333333333333333,False,0
A-977ca0,Company_232,Pro,3528,5,31.0,0.3333333333333333,False,0
A-eb7fac,Company_28,Enterprise,16716,5,0.0,0.0,False,0
A-0f6450,Company_400,Basic,6384,5,0.0,0.0,False,0
A-10b8f2,Company_151,Enterprise,112236,5,7.0,0.0,False,0
A-378b99,Company_60,Pro,11172,5,9.0,0.16666666666666666,False,0
A-533452,Company_279,Pro,29988,5,29.0,0.25,False,0
A-533452,Company_279,Pro,29988,5,29.0,0.25,False,0
A-432483,Company_78,Pro,4704,5,33.0,0.0,False,0
A-66224b,Company_87,Enterprise,219696,5,27.0,0.16666666666666666,False,0
A-558c72,Company_438,Pro,7056,5,23.0,0.25,False,0
A-dbc825,Company_252,Pro,11172,5,28.0,0.3333333333333333,False,0
A-e89151,Company_234,Enterprise,54924,5,8.0,0.0,False,0
A-40906c,Company_235,Enterprise,219696,5,30.0,0.0,False,0
A-9bfc9f,Company_228,Pro,0,5,23.0,0.3333333333333333,False,0
A-dbc825,Company_252,Pro,11172,5,28.0,0.3333333333333333,False,0
A-462d45,Company_13,Basic,13908,5,52.0,0.5,False,0
A-bb2f49,Company_356,Pro,39984,5,90.0,0.3333333333333333,True,0
A-c37cab,Company_278,Basic,2964,5,75.0,0.5,False,0
A-c37cab,Company_278,Basic,2964,5,75.0,0.5,False,0
A-19b2c8,Company_476,Basic,4560,5,15.0,0.3333333333333333,False,0
A-4e960a,Company_277,Basic,2736,5,27.0,0.0,False,0
A-039727,Company_107,Pro,14700,5,36.0,0.0,True,0
A-40de06,Company_369,Pro,16464,5,20.0,0.0,False,0
A-716841,Company_437,Enterprise,107460,5,8.0,0.0,False,0
A-533452,Company_279,Pro,29988,5,29.0,0.25,False,0
A-533452,Company_279,Pro,29988,5,29.0,0.25,False,0
A-0f6450,Company_400,Basic,6384,5,0.0,0.0,False,0
A-d62e02,Company_420,Enterprise,64476,5,59.0,1.0,False,0
A-a1b80b,Company_184,Enterprise,38208,5,25.0,0.0,False,0
A-adc1f3,Company_98,Enterprise,11940,5,27.0,0.3333333333333333,False,0
A-90a8c8,Company_249,Enterprise,174324,5,30.0,0.0,False,0
A-05f0e5,Company_40,Pro,27048,5,52.0,0.5,False,0
A-684255,Company_20,Basic,2052,5,31.0,0.0,False,0
A-684255,Company_20,Basic,2052,5,31.0,0.0,False,0
A-05f0e5,Company_40,Pro,27048,5,52.0,0.5,False,0
A-b48f73,Company_225,Pro,47040,5,69.0,0.6666666666666666,False,0
A-cbbe12,Company_450,Pro,28812,5,12.0,0.3333333333333333,False,0
A-dec005,Company_445,Basic,4788,5,57.0,0.5,False,0
A-5a184f,Company_124,Pro,0,5,20.0,0.3333333333333333,False,0
A-5a184f,Company_124,Pro,0,5,20.0,0.3333333333333333,False,0
A-5a184f,Company_124,Pro,0,5,20.0,0.3333333333333333,False,0
A-c1dfe1,Company_53,Enterprise,62088,5,36.0,0.3333333333333333,True,0
A-c1dfe1,Company_53,Enterprise,62088,5,36.0,0.3333333333333333,True,0
A-88c6ca,Company_179,Pro,4704,5,23.0,0.0,False,0
A-993085,Company_258,Enterprise,95520,5,66.0,0.25,True,0
A-993085,Company_258,Enterprise,95520,5,66.0,0.25,True,0
A-ff79f2,Company_165,Enterprise,0,5,31.0,0.0,False,0
A-1f559b,Company_357,Enterprise,62088,5,59.0,0.4,False,0
A-3cc791,Company_423,Enterprise,52536,5,31.0,0.3333333333333333,False,0
A-d77f4c,Company_470,Enterprise,131340,5,30.0,0.0,False,0
A-94d3da,Company_61,Basic,9348,5,27.0,0.16666666666666666,False,0
A-94f8c9,Company_51,Enterprise,0,5,10.0,0.0,False,0
A-432483,Company_78,Pro,11172,5,30.0,0.0,False,0
A-993085,Company_258,Enterprise,0,5,8.0,0.25,False,0
A-993085,Company_258,Enterprise,0,5,8.0,0.25,False,0
A-9badbd,Company_63,Pro,45276,5,29.0,0.2,False,0
A-7f6b86,Company_299,Enterprise,0,5,37.0,0.7142857142857143,False,0
A-7641d3,Company_429,Pro,0,5,23.0,0.2,False,0
A-7641d3,Company_429,Pro,0,5,23.0,0.2,False,0
A-970c97,Company_477,Pro,17052,5,33.0,0.0,False,0
A-4437e4,Company_192,Enterprise,14328,5,83.0,0.3333333333333333,True,0
A-d77f4c,Company_470,Enterprise,131340,5,30.0,0.0,False,0
A-d77f4c,Company_470,Enterprise,131340,5,30.0,0.0,False,0
A-0f6450,Company_400,Pro,16464,5,30.0,0.0,False,0
A-0f6450,Company_400,Pro,16464,5,30.0,0.0,False,0
A-1ac5e0,Company_126,Enterprise,0,5,80.0,0.5714285714285714,False,0
A-5a3eb9,Company_283,Basic,4104,5,77.0,0.3333333333333333,True,0
A-5a3eb9,Company_283,Basic,4104,5,77.0,0.3333333333333333,True,0
A-5a3eb9,Company_283,Basic,4104,5,77.0,0.3333333333333333,True,0
A-151c9a,Company_260,Pro,30576,5,68.0,0.5,False,0
A-0f7d77,Company_457,Pro,1764,5,52.0,0.6,False,0
A-396e5f,Company_30,Pro,19992,5,73.0,0.6,False,0
A-7d514c,Company_119,Basic,3876,5,28.0,0.3333333333333333,False,0
A-ad296b,Company_112,Enterprise,90744,5,32.0,0.0,False,0
A-354f12,Company_201,Basic,1596,5,28.0,0.0,False,0
A-ffdfd5,Company_365,Enterprise,71640,5,23.0,0.0,False,0
A-84ebe4,Company_68,Pro,10584,5,17.0,0.25,False,0
A-1b707d,Company_56,Pro,7644,5,15.0,0.0,False,0
A-6e08f3,Company_220,Basic,1824,5,25.0,0.0,False,0
A-0a282f,Company_2,Enterprise,69252,5,31.0,0.0,False,0
A-0a282f,Company_2,Enterprise,69252,5,31.0,0.0,False,0
A-6dee43,Company_478,Enterprise,191040,5,47.0,0.4,False,0
A-484819,Company_109,Enterprise,42984,5,33.0,0.2,False,0
A-484819,Company_109,Enterprise,42984,5,33.0,0.2,False,0
A-1e1b80,Company_416,Enterprise,119400,5,91.0,0.5,False,0
A-9174e0,Company_73,Enterprise,88356,5,10.0,0.0,False,0
A-8bde0c,Company_287,Basic,13908,5,19.0,0.3333333333333333,False,0
A-ff3c73,Company_244,Basic,4788,5,23.0,0.0,False,0
A-ff3c73,Company_244,Basic,4788,5,23.0,0.0,False,0
A-a09355,Company_459,Basic,3192,5,18.0,0.0,False,0
A-a09355,Company_459,Basic,3192,5,18.0,0.0,False,0
A-d4e0d4,Company_403,Pro,68796,5,33.0,0.25,False,0
A-a33200,Company_352,Enterprise,69252,5,26.0,0.0,False,0
A-1e1b80,Company_416,Enterprise,119400,5,91.0,0.5,False,0
A-f3ff05,Company_44,Pro,2352,5,29.0,0.3333333333333333,False,0
A-1e1b80,Company_416,Enterprise,119400,5,91.0,0.5,False,0
A-84ebe4,Company_68,Pro,10584,5,17.0,0.25,False,0
A-c7ffc2,Company_392,Basic,11172,5,43.0,0.5,False,0
A-c7ffc2,Company_392,Basic,11172,5,43.0,0.5,False,0
A-52dd88,Company_127,Basic,5244,5,27.0,0.0,False,0
A-271f46,Company_84,Enterprise,90744,5,23.0,0.0,False,0
A-c70870,Company_253,Enterprise,405960,5,75.0,0.2,True,0
A-bbe56f,Company_406,Enterprise,50148,5,19.0,0.25,False,0
A-adc1f3,Company_98,Enterprise,119400,5,33.0,0.3333333333333333,False,0
A-f25509,Company_92,Enterprise,76416,5,27.0,0.3333333333333333,False,0
A-8adedc,Company_300,Basic,912,5,0.0,0.25,False,0
A-712426,Company_155,Basic,2052,5,17.0,0.16666666666666666,False,0
A-712426,Company_155,Basic,2052,5,17.0,0.16666666666666666,False,0
A-712426,Company_155,Basic,2052,5,17.0,0.16666666666666666,False,0
A-029f69,Company_129,Pro,1764,5,27.0,0.0,False,0
A-029f69,Company_129,Pro,1764,5,27.0,0.0,False,0
A-029f69,Company_129,Pro,1764,5,27.0,0.0,False,0
A-2e3bad,Company_108,Pro,35868,5,35.0,0.4,False,0
A-f45426,Company_172,Pro,9996,5,72.0,0.0,True,0
A-f45426,Company_172,Pro,9996,5,72.0,0.0,True,0
A-95b24a,Company_117,Basic,8664,5,72.0,0.6,False,0
A-8b25f2,Company_96,Enterprise,31044,5,12.0,0.0,False,0
A-5a215a,Company_358,Enterprise,207756,5,30.0,0.0,False,0
A-f25509,Company_92,Enterprise,76416,5,27.0,0.3333333333333333,False,0
A-e19ff6,Company_411,Enterprise,0,5,38.0,0.6666666666666666,False,0
A-e19ff6,Company_411,Enterprise,0,5,38.0,0.6666666666666666,False,0
A-e19ff6,Company_411,Enterprise,0,5,38.0,0.6666666666666666,False,0
A-1ac5e0,Company_126,Pro,19404,5,84.0,0.5714285714285714,False,0
A-5a3eb9,Company_283,Basic,10032,5,71.0,0.3333333333333333,True,0
A-5a3eb9,Company_283,Basic,10032,5,71.0,0.3333333333333333,True,0
A-993085,Company_258,Basic,7068,5,13.0,0.25,False,0
A-993085,Company_258,Basic,7068,5,13.0,0.25,False,0
A-d792a6,Company_486,Pro,21168,5,11.0,0.2,False,0
A-d792a6,Company_486,Pro,21168,5,11.0,0.2,False,0
A-7df7a7,Company_125,Basic,1596,5,65.0,0.6666666666666666,False,0
A-8145a0,Company_33,Basic,2736,5,14.0,0.16666666666666666,False,0
A-39b19f,Company_176,Pro,21168,5,48.0,0.5,False,0
A-a33200,Company_352,Pro,21168,5,32.0,0.0,False,0
A-5a184f,Company_124,Enterprise,109848,5,90.0,0.3333333333333333,True,0
A-5a184f,Company_124,Enterprise,109848,5,90.0,0.3333333333333333,True,0
A-5a184f,Company_124,Enterprise,109848,5,90.0,0.3333333333333333,True,0
A-712f1c,Company_331,Basic,3876,5,16.0,0.16666666666666666,False,0
A-17939a,Company_162,Basic,3192,5,23.0,0.2857142857142857,False,0
A-bece89,Company_128,Enterprise,62088,5,29.0,0.0,False,0
A-bece89,Company_128,Enterprise,62088,5,29.0,0.0,False,0
A-02fac6,Company_52,Enterprise,52536,5,19.0,0.16666666666666666,False,0
A-8bde0c,Company_287,Basic,13908,5,19.0,0.3333333333333333,False,0
A-5a3eb9,Company_283,Basic,10032,5,71.0,0.3333333333333333,True,0
A-f5641b,Company_382,Pro,18228,5,38.0,0.5,False,0
A-39ddf4,Company_435,Pro,23520,5,47.0,0.8,False,0
A-f5641b,Company_382,Pro,18228,5,38.0,0.5,False,0
A-558c72,Company_438,Basic,17556,5,30.0,0.25,False,0
A-7920cc,Company_412,Basic,8892,5,16.0,0.0,False,0
A-a1bbb6,Company_74,Enterprise,66864,5,52.0,0.6666666666666666,False,0
A-0651a4,Company_255,Basic,0,5,70.0,0.75,False,0
A-0651a4,Company_255,Basic,0,5,70.0,0.75,False,0
A-6da850,Company_293,Basic,2736,5,26.0,0.2,False,0
A-6da850,Company_293,Basic,2736,5,26.0,0.2,False,0
A-6da850,Company_293,Basic,2736,5,26.0,0.2,False,0
A-ac9111,Company_487,Enterprise,76416,5,10.0,0.0,False,0
A-ad296b,Company_112,Enterprise,90744,5,19.0,0.0,False,0
A-7c83a1,Company_447,Basic,2736,5,40.0,0.5,False,0
A-098560,Company_349,Pro,14700,5,59.0,0.5,False,0
A-098560,Company_349,Pro,14700,5,59.0,0.5,False,0
A-dcc2f0,Company_309,Pro,8820,5,26.0,0.0,False,0
A-9badbd,Company_63,Basic,3876,5,14.0,0.2,False,0
A-a1b80b,Company_184,Enterprise,38208,5,26.0,0.0,False,0
A-054577,Company_455,Pro,4116,5,16.0,0.0,False,0
A-659280,Company_417,Basic,2964,5,10.0,0.0,False,0
A-659280,Company_417,Basic,2964,5,10.0,0.0,False,0
A-f19b24,Company_462,Basic,6612,5,21.0,0.0,False,0
A-72799b,Company_394,Basic,7752,5,94.0,0.5,False,0
A-9bfc9f,Company_228,Pro,0,5,27.0,0.3333333333333333,False,0
A-f9cc74,Company_360,Enterprise,0,5,33.0,0.0,False,0
A-503d5a,Company_99,Basic,11172,5,71.0,0.3333333333333333,True,0
A-241e75,Company_242,Pro,7644,5,86.0,0.25,True,0
A-241e75,Company_242,Pro,7644,5,86.0,0.25,True,0
A-39b19f,Company_176,Pro,31752,5,61.0,0.5,False,0
A-7da956,Company_141,Basic,0,5,17.0,0.0,False,0
A-3793ee,Company_332,Enterprise,117012,5,55.0,0.25,True,0
A-f9cc74,Company_360,Enterprise,71640,5,24.0,0.0,False,0
A-781cc0,Company_499,Pro,0,5,49.0,0.75,False,0
A-781cc0,Company_499,Pro,0,5,49.0,0.75,False,0
A-de24d5,Company_231,Basic,3876,5,24.0,0.2857142857142857,False,0
A-e51ec7,Company_113,Enterprise,59700,5,52.0,0.3333333333333333,True,0
A-30b4ca,Company_23,Pro,0,5,18.0,0.0,False,0
A-92a3af,Company_259,Pro,14700,5,16.0,0.25,False,0
A-50bb9f,Company_373,Enterprise,4776,5,31.0,0.14285714285714285,False,0
A-50bb9f,Company_373,Enterprise,4776,5,31.0,0.14285714285714285,False,0
A-f3ff05,Company_44,Enterprise,114624,5,9.0,0.3333333333333333,False,0
A-427b69,Company_453,Enterprise,81192,5,32.0,0.0,False,0
A-118d55,Company_65,Enterprise,19104,5,24.0,0.2,False,0
A-118d55,Company_65,Enterprise,19104,5,24.0,0.2,False,0
A-35083d,Company_27,Basic,4332,5,48.0,0.75,False,0
A-89ee83,Company_312,Enterprise,42984,5,27.0,0.0,False,0
A-716841,Company_437,Enterprise,0,5,13.0,0.0,False,0
A-779e4e,Company_193,Pro,2940,5,12.0,0.0,False,0
A-6e7827,Company_372,Enterprise,26268,5,21.0,0.0,False,0
A-e51ec7,Company_113,Enterprise,59700,5,52.0,0.3333333333333333,True,0
A-cb6cc6,Company_419,Basic,3192,5,58.0,0.6666666666666666,False,0
A-49b828,Company_391,Enterprise,59700,5,33.0,0.0,False,0
A-9f2731,Company_24,Pro,19404,5,16.0,0.0,False,0
A-9f2731,Company_24,Pro,19404,5,16.0,0.0,False,0
A-55f257,Company_496,Enterprise,54924,5,23.0,0.16666666666666666,False,0
A-956988,Company_14,Pro,15288,5,32.0,0.0,False,0
A-956988,Company_14,Pro,15288,5,32.0,0.0,False,0
A-3a5ad8,Company_94,Enterprise,0,5,31.0,0.25,False,0
A-c42f1f,Company_21,Enterprise,28656,5,27.0,0.3333333333333333,False,0
A-7920cc,Company_412,Pro,22932,5,12.0,0.0,False,0
A-1619f8,Company_183,Enterprise,131340,5,31.0,0.0,False,0
A-1619f8,Company_183,Enterprise,131340,5,31.0,0.0,False,0
A-1619f8,Company_183,Enterprise,131340,5,31.0,0.0,False,0
A-4a4c2d,Company_473,Pro,31752,5,103.0,0.4,False,0
A-f44180,Company_376,Enterprise,21492,5,7.0,0.0,False,0
A-ed510f,Company_361,Enterprise,100296,5,30.0,0.1111111111111111,False,0
A-6e7827,Company_372,Enterprise,26268,5,21.0,0.0,False,0
A-e6afc1,Company_346,Enterprise,121788,5,30.0,0.0,False,0
A-b07b56,Company_292,Pro,15876,5,38.0,0.5,False,0
A-a6d261,Company_303,Pro,15288,5,19.0,0.25,False,0
A-6f8ad2,Company_57,Enterprise,47760,5,18.0,0.25,False,0
A-81edc3,Company_236,Enterprise,11940,5,113.0,1.0,False,0
A-241e75,Company_242,Basic,3192,5,30.0,0.25,False,0
A-157070,Company_85,Pro,0,5,23.0,0.0,False,0
A-157070,Company_85,Pro,0,5,23.0,0.0,False,0
A-f19409,Company_105,Pro,25872,5,27.0,0.0,False,0
A-f19409,Company_105,Pro,25872,5,27.0,0.0,False,0
A-0532a9,Company_170,Basic,4332,5,26.0,0.125,False,0
A-c4ea60,Company_18,Enterprise,42984,5,28.0,0.0,False,0
A-6da850,Company_293,Basic,4104,5,15.0,0.2,False,0
A-6da850,Company_293,Basic,4104,5,15.0,0.2,False,0
A-6da850,Company_293,Basic,4104,5,15.0,0.2,False,0
A-a8b49c,Company_72,Enterprise,52536,5,31.0,0.0,False,0
A-e1462e,Company_217,Basic,3420,5,68.0,0.5,False,0
A-e1462e,Company_217,Basic,3420,5,68.0,0.5,False,0
A-c62e55,Company_315,Pro,32928,5,30.0,0.0,False,0
A-0f7d77,Company_457,Enterprise,16716,5,50.0,0.6,False,0
A-2922b6,Company_70,Pro,11760,5,65.0,0.5,False,0
A-f446b6,Company_36,Basic,6840,5,21.0,0.25,False,0
A-cc1d8d,Company_440,Basic,1140,5,67.0,0.4,False,0
A-cc1d8d,Company_440,Basic,1140,5,67.0,0.4,False,0
A-241e75,Company_242,Basic,3192,5,30.0,0.25,False,0
A-81edc3,Company_236,Enterprise,11940,5,113.0,1.0,False,0
A-c58f49,Company_480,Enterprise,167160,5,13.0,0.0,False,0
A-81edc3,Company_236,Enterprise,11940,5,113.0,1.0,False,0
A-c58f49,Company_480,Enterprise,167160,5,13.0,0.0,False,0
A-c58f49,Company_480,Enterprise,167160,5,13.0,0.0,False,0
A-f19409,Company_105,Enterprise,54924,5,31.0,0.0,False,0
A-f19409,Company_105,Enterprise,54924,5,31.0,0.0,False,0
A-84ebe4,Company_68,Enterprise,42984,5,31.0,0.25,False,0
A-84ebe4,Company_68,Enterprise,42984,5,31.0,0.25,False,0
A-3c1a3f,Company_224,Enterprise,69252,5,30.0,0.25,False,0
A-94d3da,Company_61,Basic,0,5,27.0,0.16666666666666666,False,0
A-f6b2fb,Company_418,Basic,5244,5,92.0,0.4,False,0
A-0651a4,Company_255,Pro,9408,5,67.0,0.75,False,0
A-0651a4,Company_255,Pro,9408,5,67.0,0.75,False,0
A-9b9fe9,Company_71,Basic,0,5,25.0,0.25,False,0
A-9b9fe9,Company_71,Basic,0,5,25.0,0.25,False,0
A-544d0a,Company_153,Pro,3528,5,41.0,0.0,True,0
A-df1e44,Company_323,Pro,7056,5,48.0,0.5,False,0
A-df1e44,Company_323,Pro,7056,5,48.0,0.5,False,0
A-625d0b,Company_290,Pro,8232,5,27.0,0.2,False,0
A-0532a9,Company_170,Pro,11172,5,69.0,0.125,True,0
A-b30291,Company_344,Basic,1140,5,10.0,0.0,False,0
A-e51ec7,Company_113,Enterprise,59700,5,52.0,0.3333333333333333,True,0
A-fd7ad3,Company_100,Basic,2736,5,27.0,0.25,False,0
A-a09355,Company_459,Enterprise,33432,5,44.0,0.0,True,0
A-956988,Company_14,Pro,24696,5,70.0,0.0,True,0
A-180abf,Company_122,Pro,37632,5,11.0,0.0,False,0
A-180abf,Company_122,Pro,37632,5,11.0,0.0,False,0
A-bcf87c,Company_288,Enterprise,40596,5,31.0,0.0,False,0
A-9ee962,Company_59,Basic,2052,5,24.0,0.3333333333333333,False,0
A-9f9299,Company_133,Enterprise,66864,5,31.0,0.2,False,0
A-9f9299,Company_133,Enterprise,66864,5,31.0,0.2,False,0
A-a45270,Company_37,Enterprise,59700,5,76.0,0.5,False,0
A-5c9849,Company_362,Enterprise,148056,5,19.0,0.0,False,0
A-956988,Company_14,Pro,24696,5,70.0,0.0,True,0
A-533452,Company_279,Pro,5292,5,25.0,0.25,False,0
A-fd7ad3,Company_100,Basic,2736,5,27.0,0.25,False,0
A-533452,Company_279,Pro,5292,5,25.0,0.25,False,0
A-e888d1,Company_102,Pro,9996,5,21.0,0.2,False,0
A-7cfe77,Company_367,Pro,40572,5,20.0,0.2857142857142857,False,0
A-7cfe77,Company_367,Pro,40572,5,20.0,0.2857142857142857,False,0
A-186a44,Company_101,Pro,11760,5,62.0,0.5714285714285714,False,0
A-e888d1,Company_102,Pro,9996,5,21.0,0.2,False,0
A-87aa7b,Company_433,Enterprise,57312,5,6.0,0.3333333333333333,False,0
A-87aa7b,Company_433,Enterprise,57312,5,6.0,0.3333333333333333,False,0
A-87aa7b,Company_433,Enterprise,57312,5,6.0,0.3333333333333333,False,0
A-180abf,Company_122,Pro,37632,5,11.0,0.0,False,0
A-180abf,Company_122,Pro,37632,5,11.0,0.0,False,0
A-180abf,Company_122,Pro,37632,5,11.0,0.0,False,0
A-712f1c,Company_331,Enterprise,88356,5,27.0,0.16666666666666666,False,0
A-a09355,Company_459,Enterprise,33432,5,44.0,0.0,True,0
A-c62e55,Company_315,Enterprise,35820,5,31.0,0.0,False,0
A-2446e3,Company_241,Pro,15876,5,51.0,0.0,True,0
A-993085,Company_258,Basic,7068,5,26.0,0.25,False,0
A-993085,Company_258,Basic,7068,5,26.0,0.25,False,0
A-2446e3,Company_241,Pro,15876,5,51.0,0.0,True,0
A-d42431,Company_378,Basic,7980,5,25.0,0.25,False,0
A-d42431,Company_378,Basic,7980,5,25.0,0.25,False,0
A-bbe56f,Company_406,Pro,12348,5,30.0,0.25,False,0
A-09316c,Company_341,Basic,15960,5,26.0,0.25,False,0
A-533452,Company_279,Pro,5292,5,25.0,0.25,False,0
A-f92792,Company_67,Enterprise,42984,5,21.0,0.0,False,0
A-f3ff05,Company_44,Pro,20580,5,22.0,0.3333333333333333,False,0
A-5b4ebb,Company_69,Basic,6612,5,32.0,0.0,False,0
A-e19ff6,Company_411,Basic,228,5,38.0,0.6666666666666666,False,0
A-e19ff6,Company_411,Basic,228,5,38.0,0.6666666666666666,False,0
A-e19ff6,Company_411,Basic,228,5,38.0,0.6666666666666666,False,0
A-3a5ad8,Company_94,Enterprise,26268,5,71.0,0.25,True,0
A-533452,Company_279,Pro,5292,5,25.0,0.25,False,0
A-600734,Company_327,Pro,21168,5,31.0,0.2857142857142857,False,0
A-e888d1,Company_102,Pro,9996,5,21.0,0.2,False,0
A-cc102e,Company_443,Basic,2964,5,16.0,0.25,False,0
A-05d3b3,Company_213,Enterprise,31044,5,28.0,0.16666666666666666,False,0
A-c62e55,Company_315,Pro,8232,5,32.0,0.0,False,0
A-ac9111,Company_487,Basic,6384,5,31.0,0.0,False,0
A-4e960a,Company_277,Enterprise,28656,5,91.0,0.0,True,0
A-016043,Company_405,Basic,2508,5,40.0,0.6666666666666666,False,0
A-05d3b3,Company_213,Enterprise,31044,5,28.0,0.16666666666666666,False,0
A-089363,Company_387,Pro,0,5,19.0,0.3333333333333333,False,0
A-e888d1,Company_102,Pro,8232,5,0.0,0.2,False,0
A-e888d1,Company_102,Pro,8232,5,0.0,0.2,False,0
A-e888d1,Company_102,Pro,8232,5,0.0,0.2,False,0
A-d82ef9,Company_355,Basic,5928,5,24.0,0.2,False,0
A-8b25f2,Company_96,Pro,3528,5,33.0,0.0,False,0
A-dbc825,Company_252,Pro,11172,5,27.0,0.3333333333333333,False,0
A-dbc825,Company_252,Pro,11172,5,27.0,0.3333333333333333,False,0
A-756192,Company_390,Enterprise,93132,5,19.0,0.0,False,0
A-4ae22a,Company_229,Basic,6384,5,33.0,0.0,False,0
A-956988,Company_14,Basic,15960,5,20.0,0.0,False,0
A-956988,Company_14,Basic,15960,5,20.0,0.0,False,0
A-fd7ad3,Company_100,Basic,2736,5,27.0,0.25,False,0
A-fd7ad3,Company_100,Basic,2736,5,27.0,0.25,False,0
A-e36807,Company_164,Basic,18468,5,42.0,0.5,False,0
A-684255,Company_20,Enterprise,21492,5,30.0,0.0,False,0
A-cc102e,Company_443,Basic,2964,5,16.0,0.25,False,0
A-49b828,Company_391,Pro,14700,5,27.0,0.0,False,0
A-f03140,Company_209,Enterprise,64476,5,29.0,0.14285714285714285,False,0
A-aa9511,Company_203,Enterprise,71640,5,38.0,0.5,False,0
A-a09355,Company_459,Enterprise,40596,5,19.0,0.0,False,0
A-a09355,Company_459,Enterprise,40596,5,19.0,0.0,False,0
A-2f6a32,Company_160,Basic,10716,5,13.0,0.0,False,0
A-712f1c,Company_331,Basic,5472,5,25.0,0.16666666666666666,False,0
A-956988,Company_14,Pro,1176,5,32.0,0.0,False,0
A-956988,Company_14,Pro,1176,5,32.0,0.0,False,0
A-87aa7b,Company_433,Pro,0,5,8.0,0.3333333333333333,False,0
A-87aa7b,Company_433,Pro,0,5,8.0,0.3333333333333333,False,0
A-87aa7b,Company_433,Pro,0,5,8.0,0.3333333333333333,False,0
A-cc1d8d,Company_440,Enterprise,19104,5,41.0,0.4,False,0
A-cc1d8d,Company_440,Enterprise,19104,5,41.0,0.4,False,0
A-cc102e,Company_443,Basic,2964,5,16.0,0.25,False,0
A-671f31,Company_137,Enterprise,0,5,38.0,0.2857142857142857,True,0
A-684255,Company_20,Enterprise,21492,5,30.0,0.0,False,0
A-8ae05d,Company_147,Basic,19608,5,36.0,1.0,False,0
A-157070,Company_85,Pro,0,5,28.0,0.0,False,0
A-157070,Company_85,Pro,0,5,28.0,0.0,False,0
A-271f46,Company_84,Enterprise,90744,5,23.0,0.0,False,0
A-8bde0c,Company_287,Pro,54684,5,5.0,0.3333333333333333,False,0
A-8bde0c,Company_287,Pro,54684,5,5.0,0.3333333333333333,False,0
A-7da956,Company_141,Basic,2964,5,33.0,0.0,False,0
A-a8d89d,Company_326,Pro,8232,5,20.0,0.0,False,0
A-a8d89d,Company_326,Pro,8232,5,20.0,0.0,False,0
A-c7ffc2,Company_392,Basic,6840,5,39.0,0.5,False,0
A-c7ffc2,Company_392,Basic,6840,5,39.0,0.5,False,0
A-d77f4c,Company_470,Basic,0,5,72.0,0.0,True,0
A-d77f4c,Company_470,Basic,0,5,72.0,0.0,True,0
A-d77f4c,Company_470,Basic,0,5,72.0,0.0,True,0
A-f97b9a,Company_159,Enterprise,71640,5,30.0,0.2857142857142857,False,0
A-91e948,Company_88,Enterprise,97908,5,25.0,0.0,False,0
A-a8d89d,Company_326,Basic,3876,5,13.0,0.0,False,0
A-a1bbb6,Company_74,Enterprise,38208,5,43.0,0.6666666666666666,False,0
A-a8d89d,Company_326,Basic,3876,5,13.0,0.0,False,0
A-7f4db3,Company_441,Enterprise,107460,5,17.0,0.2,False,0
A-50f3f7,Company_140,Basic,26676,5,9.0,0.16666666666666666,False,0
A-c37601,Company_48,Pro,3528,5,23.0,0.0,False,0
A-faa28c,Company_91,Pro,28224,5,26.0,0.0,False,0
A-faa28c,Company_91,Pro,28224,5,26.0,0.0,False,0
A-e1b9cd,Company_484,Pro,23520,5,62.0,1.0,False,0
A-e60f9d,Company_178,Basic,13680,5,45.0,0.0,True,0
A-271f46,Company_84,Basic,8664,5,32.0,0.0,False,0
A-ae052e,Company_132,Pro,22932,5,27.0,0.0,False,0
A-ae052e,Company_132,Pro,22932,5,27.0,0.0,False,0
A-ae052e,Company_132,Pro,22932,5,27.0,0.0,False,0
A-ae052e,Company_132,Pro,22932,5,27.0,0.0,False,0
A-0a282f,Company_2,Basic,2736,5,28.0,0.0,False,0
A-0a282f,Company_2,Basic,2736,5,28.0,0.0,False,0
A-7988d1,Company_90,Basic,0,5,21.0,0.0,False,0
A-ac9111,Company_487,Enterprise,50148,5,26.0,0.0,False,0
A-a6d261,Company_303,Basic,2052,5,24.0,0.25,False,0
A-65a46c,Company_95,Pro,21756,5,26.0,0.0,False,0
A-dec005,Company_445,Basic,0,5,58.0,0.5,False,0
A-ff79f2,Company_165,Basic,12084,5,21.0,0.0,False,0
A-7988d1,Company_90,Basic,0,5,21.0,0.0,False,0
A-7988d1,Company_90,Basic,0,5,21.0,0.0,False,0
A-922109,Company_243,Pro,1764,5,33.0,0.3333333333333333,False,0
A-922109,Company_243,Pro,1764,5,33.0,0.3333333333333333,False,0
A-e83938,Company_111,Pro,18228,5,16.0,0.0,False,0
A-e83938,Company_111,Pro,18228,5,16.0,0.0,False,0
A-e83938,Company_111,Pro,18228,5,16.0,0.0,False,0
A-56962b,Company_177,Basic,37164,5,26.0,0.25,False,0
A-56962b,Company_177,Basic,37164,5,26.0,0.25,False,0
A-d49cc5,Company_275,Basic,11400,5,25.0,0.0,False,0
A-e60f9d,Company_178,Enterprise,69252,5,26.0,0.0,False,0
A-271f46,Company_84,Basic,8664,5,32.0,0.0,False,0
A-b9f5b1,Company_494,Enterprise,35820,5,12.0,0.0,False,0
A-22d9d2,Company_188,Pro,4704,5,29.0,0.16666666666666666,False,0
A-3932db,Company_144,Basic,5244,5,31.0,0.16666666666666666,False,0
A-dbc825,Company_252,Basic,4332,5,29.0,0.3333333333333333,False,0
A-dbc825,Company_252,Basic,4332,5,29.0,0.3333333333333333,False,0
A-f51f16,Company_282,Basic,5472,5,24.0,0.25,False,0
A-4a4c2d,Company_473,Enterprise,128952,5,66.0,0.4,False,0
A-c58f49,Company_480,Enterprise,167160,5,29.0,0.0,False,0
A-c58f49,Company_480,Enterprise,167160,5,29.0,0.0,False,0
A-c58f49,Company_480,Enterprise,167160,5,29.0,0.0,False,0
A-5a215a,Company_358,Enterprise,207756,5,30.0,0.0,False,0
A-a09355,Company_459,Enterprise,78804,5,32.0,0.0,False,0
A-a09355,Company_459,Enterprise,78804,5,32.0,0.0,False,0
A-6e7827,Company_372,Basic,2052,5,15.0,0.0,False,0
A-0354fe,Company_380,Basic,7752,5,55.0,0.5,False,0
A-0354fe,Company_380,Basic,7752,5,55.0,0.5,False,0
A-ced9aa,Company_310,Pro,1764,5,30.0,0.14285714285714285,False,0
A-6e7827,Company_372,Basic,2052,5,15.0,0.0,False,0
A-95b24a,Company_117,Enterprise,90744,5,56.0,0.6,False,0
A-bb1eaa,Company_468,Enterprise,50148,5,15.0,0.16666666666666666,False,0
A-ab438f,Company_233,Enterprise,71640,5,32.0,0.0,False,0
A-32728c,Company_54,Basic,9576,5,30.0,0.0,False,0
A-ed510f,Company_361,Pro,24696,5,27.0,0.1111111111111111,False,0
A-afa505,Company_157,Pro,41160,5,37.0,0.0,True,0
A-50f3f7,Company_140,Pro,18228,5,18.0,0.16666666666666666,False,0
A-f51f16,Company_282,Basic,5472,5,24.0,0.25,False,0
A-fd9422,Company_263,Pro,34104,5,119.0,0.16666666666666666,True,0
A-b30291,Company_344,Enterprise,38208,5,28.0,0.0,False,0
A-e19ff6,Company_411,Enterprise,0,5,47.0,0.6666666666666666,False,0
A-e19ff6,Company_411,Enterprise,0,5,47.0,0.6666666666666666,False,0
A-e19ff6,Company_411,Enterprise,0,5,47.0,0.6666666666666666,False,0
A-b78bf8,Company_148,Enterprise,0,5,19.0,0.0,False,0
A-7f29a7,Company_386,Pro,24108,5,26.0,0.0,False,0
A-7f8241,Company_42,Pro,19992,5,30.0,0.0,False,0
A-b78bf8,Company_148,Pro,19404,5,25.0,0.0,False,0
A-fdfc91,Company_414,Basic,6612,5,33.0,0.2,False,0
A-ac9111,Company_487,Enterprise,0,5,24.0,0.0,False,0
A-9affe6,Company_401,Pro,17052,5,21.0,0.3333333333333333,False,0
A-a45270,Company_37,Enterprise,26268,5,49.0,0.5,False,0
A-5a92e7,Company_413,Pro,11760,5,17.0,0.14285714285714285,False,0
A-5a92e7,Company_413,Pro,11760,5,17.0,0.14285714285714285,False,0
A-016043,Company_405,Basic,5928,5,52.0,0.6666666666666666,False,0
A-84ebe4,Company_68,Pro,10584,5,6.0,0.25,False,0
A-84ebe4,Company_68,Pro,10584,5,6.0,0.25,False,0
A-9bfc9f,Company_228,Pro,31164,5,30.0,0.3333333333333333,False,0
A-94f8c9,Company_51,Enterprise,31044,5,17.0,0.0,False,0
A-58b9ff,Company_425,Enterprise,181488,5,32.0,0.0,False,0
A-34ea2f,Company_436,Pro,48804,5,22.0,0.0,False,0
A-6965e1,Company_379,Pro,7644,5,88.0,0.3333333333333333,True,0
A-a8d89d,Company_326,Enterprise,66864,5,29.0,0.0,False,0
A-a8d89d,Company_326,Enterprise,66864,5,29.0,0.0,False,0
A-c70870,Company_253,Basic,7068,5,18.0,0.2,False,0
A-a1b80b,Company_184,Pro,0,5,28.0,0.0,False,0
A-a865bd,Company_297,Basic,15504,5,9.0,0.0,False,0
A-a865bd,Company_297,Basic,15504,5,9.0,0.0,False,0
A-798a3f,Company_463,Enterprise,28656,5,45.0,0.4,False,0
A-6965e1,Company_379,Pro,7644,5,88.0,0.3333333333333333,True,0
A-6965e1,Company_379,Pro,7644,5,88.0,0.3333333333333333,True,0
A-bd4513,Company_205,Pro,29400,5,32.0,0.3333333333333333,False,0
A-17939a,Company_162,Pro,588,5,31.0,0.2857142857142857,False,0
A-bd4513,Company_205,Pro,29400,5,32.0,0.3333333333333333,False,0
A-ffdfd5,Company_365,Enterprise,0,5,23.0,0.0,False,0
A-eafc6e,Company_149,Enterprise,64476,5,23.0,0.0,False,0
A-eafc6e,Company_149,Enterprise,64476,5,23.0,0.0,False,0
A-3c1a3f,Company_224,Enterprise,4776,5,56.0,0.25,True,0
A-81edc3,Company_236,Basic,7296,5,71.0,1.0,False,0
A-81edc3,Company_236,Basic,7296,5,71.0,1.0,False,0
A-81edc3,Company_236,Basic,7296,5,71.0,1.0,False,0
A-5ed98d,Company_479,Basic,0,5,26.0,0.0,False,0
A-94f8c9,Company_51,Basic,0,5,32.0,0.0,False,0
A-b9eed8,Company_189,Pro,7056,5,42.0,0.2,True,0
A-6e7827,Company_372,Enterprise,4776,5,31.0,0.0,False,0
A-6e7827,Company_372,Enterprise,4776,5,31.0,0.0,False,0
A-bbc346,Company_138,Basic,0,5,33.0,0.0,False,0
A-bbc346,Company_138,Basic,0,5,33.0,0.0,False,0
A-69fad4,Company_103,Basic,2508,5,16.0,0.0,False,0
A-ee42db,Company_77,Basic,0,5,30.0,0.25,False,0
A-ee42db,Company_77,Basic,0,5,30.0,0.25,False,0
A-ee42db,Company_77,Basic,0,5,30.0,0.25,False,0
A-ee42db,Company_77,Basic,0,5,30.0,0.25,False,0
A-443b7c,Company_280,Pro,16464,5,24.0,0.25,False,0
A-054577,Company_455,Pro,11760,5,15.0,0.0,False,0
A-e4bf56,Company_272,Enterprise,40596,5,30.0,0.125,False,0
A-6f50ae,Company_466,Enterprise,45372,5,27.0,0.2,False,0
A-6f50ae,Company_466,Enterprise,45372,5,27.0,0.2,False,0
A-e6afc1,Company_346,Pro,39984,5,33.0,0.0,False,0
A-d3c88e,Company_490,Pro,18228,5,70.0,0.6666666666666666,False,0
A-417d2f,Company_285,Pro,19404,5,23.0,0.3333333333333333,False,0
A-3c1a3f,Company_224,Pro,0,5,16.0,0.25,False,0
A-df10db,Company_143,Basic,684,5,33.0,0.0,False,0
A-df10db,Company_143,Basic,684,5,33.0,0.0,False,0
A-ac9111,Company_487,Basic,4788,5,17.0,0.0,False,0
A-5ed98d,Company_479,Basic,0,5,26.0,0.0,False,0
A-cb5333,Company_370,Basic,7524,5,29.0,0.25,False,0
A-39ddf4,Company_435,Pro,25872,5,56.0,0.8,False,0
A-39b19f,Company_176,Enterprise,33432,5,39.0,0.5,False,0
A-202b67,Company_305,Pro,35868,5,32.0,0.25,False,0
A-202b67,Company_305,Pro,35868,5,32.0,0.25,False,0
A-5b1bcd,Company_166,Enterprise,174324,5,33.0,0.0,False,0
A-4e960a,Company_277,Basic,9120,5,31.0,0.0,False,0
A-328bd0,Company_237,Basic,4104,5,50.0,0.4,False,0
A-50f3f7,Company_140,Pro,18228,5,19.0,0.16666666666666666,False,0
A-de24d5,Company_231,Basic,2280,5,25.0,0.2857142857142857,False,0
A-dcc2f0,Company_309,Enterprise,35820,5,19.0,0.0,False,0
A-fa2041,Company_211,Enterprise,42984,5,28.0,0.0,False,0
A-d4ac0e,Company_364,Basic,6156,5,38.0,0.5,False,0
A-2b9d3e,Company_319,Enterprise,0,5,27.0,0.3333333333333333,False,0
A-4e631b,Company_298,Enterprise,52536,5,52.0,0.0,True,0
A-cdf020,Company_345,Pro,25872,5,24.0,0.25,False,0
A-cdf020,Company_345,Pro,25872,5,24.0,0.25,False,0
A-ee42db,Company_77,Pro,0,5,23.0,0.25,False,0
A-ee42db,Company_77,Pro,0,5,23.0,0.25,False,0
A-ee42db,Company_77,Pro,0,5,23.0,0.25,False,0
A-202b67,Company_305,Enterprise,69252,5,0.0,0.25,False,0
A-202b67,Company_305,Enterprise,69252,5,0.0,0.25,False,0
A-4c38bc,Company_55,Basic,8208,5,15.0,0.3333333333333333,False,0
A-d792a6,Company_486,Enterprise,9552,5,60.0,0.2,True,0
A-0354fe,Company_380,Enterprise,81192,5,49.0,0.5,False,0
A-d792a6,Company_486,Enterprise,9552,5,60.0,0.2,True,0
A-0354fe,Company_380,Enterprise,81192,5,49.0,0.5,False,0
A-82861f,Company_350,Pro,24108,5,30.0,0.0,False,0
A-098560,Company_349,Pro,20580,5,53.0,0.5,False,0
A-098560,Company_349,Pro,20580,5,53.0,0.5,False,0
A-6f8ad2,Company_57,Pro,9408,5,69.0,0.25,True,0
A-05f0e5,Company_40,Pro,18816,5,57.0,0.5,False,0
A-05f0e5,Company_40,Pro,18816,5,57.0,0.5,False,0
A-779e4e,Company_193,Basic,4332,5,32.0,0.0,False,0
A-4d1e75,Company_58,Enterprise,148056,5,30.0,0.0,False,0
A-ee42db,Company_77,Enterprise,31044,5,31.0,0.25,False,0
A-ee42db,Company_77,Enterprise,31044,5,31.0,0.25,False,0
A-ee42db,Company_77,Enterprise,31044,5,31.0,0.25,False,0
A-ee42db,Company_77,Enterprise,31044,5,31.0,0.25,False,0
A-4e960a,Company_277,Pro,7056,5,30.0,0.0,False,0
A-3b5cd1,Company_49,Basic,3648,5,19.0,0.0,False,0
A-3b5cd1,Company_49,Basic,3648,5,19.0,0.0,False,0
A-3b5cd1,Company_49,Basic,3648,5,19.0,0.0,False,0
A-443b7c,Company_280,Pro,22344,5,4.0,0.25,False,0
A-0f3e88,Company_428,Basic,2508,5,26.0,0.0,False,0
A-32728c,Company_54,Basic,9576,5,30.0,0.0,False,0
A-32728c,Company_54,Basic,9576,5,30.0,0.0,False,0
A-19b2c8,Company_476,Enterprise,47760,5,16.0,0.3333333333333333,False,0
A-a09355,Company_459,Pro,8232,5,33.0,0.0,False,0
A-075038,Company_397,Enterprise,40596,5,78.0,1.0,False,0
A-34ea2f,Company_436,Basic,9348,5,23.0,0.0,False,0
A-34ea2f,Company_436,Basic,9348,5,23.0,0.0,False,0
A-b9eed8,Company_189,Basic,3876,5,47.0,0.2,True,0
A-b30291,Company_344,Basic,9348,5,28.0,0.0,False,0
A-e60f9d,Company_178,Pro,0,5,31.0,0.0,False,0
A-2789e3,Company_268,Enterprise,26268,5,72.0,0.0,True,0
A-a8b49c,Company_72,Pro,4116,5,26.0,0.0,False,0
A-35083d,Company_27,Basic,0,5,64.0,0.75,False,0
A-794a0b,Company_168,Pro,0,5,12.0,0.0,False,0
A-474ad4,Company_261,Basic,5244,5,22.0,0.0,False,0
A-e60f9d,Company_178,Pro,0,5,12.0,0.0,False,0
A-a09355,Company_459,Pro,8232,5,33.0,0.0,False,0
A-8e47ca,Company_191,Enterprise,45372,5,52.0,0.6,False,0
A-8e47ca,Company_191,Enterprise,45372,5,52.0,0.6,False,0
A-8e47ca,Company_191,Enterprise,45372,5,52.0,0.6,False,0
A-fb186e,Company_131,Enterprise,69252,5,18.0,0.0,False,0
A-625d0b,Company_290,Pro,22344,5,33.0,0.2,False,0
A-b78bf8,Company_148,Enterprise,117012,5,90.0,0.0,True,0
A-4ae22a,Company_229,Basic,1368,5,26.0,0.0,False,0
A-92a3af,Company_259,Pro,17640,5,103.0,0.25,True,0
A-0a282f,Company_2,Pro,32340,5,24.0,0.0,False,0
A-0a282f,Company_2,Pro,32340,5,24.0,0.0,False,0
A-c62e55,Company_315,Pro,17640,5,30.0,0.0,False,0
A-0dbdc6,Company_366,Enterprise,71640,5,21.0,0.25,False,0
A-c9bb3e,Company_336,Pro,5880,5,61.0,0.42857142857142855,False,0
A-c9bb3e,Company_336,Pro,5880,5,61.0,0.42857142857142855,False,0
A-8adedc,Company_300,Pro,39984,5,19.0,0.25,False,0
A-ced9aa,Company_310,Pro,1764,5,25.0,0.14285714285714285,False,0
A-6e7827,Company_372,Pro,4704,5,25.0,0.0,False,0
A-6e7827,Company_372,Pro,4704,5,25.0,0.0,False,0
A-56962b,Company_177,Basic,37164,5,28.0,0.25,False,0
A-56962b,Company_177,Basic,37164,5,28.0,0.25,False,0
A-dcc3f1,Company_314,Enterprise,50148,5,52.0,0.3333333333333333,True,0
A-dcc3f1,Company_314,Enterprise,50148,5,52.0,0.3333333333333333,True,0
A-378b99,Company_60,Pro,5292,5,30.0,0.16666666666666666,False,0
A-72799b,Company_394,Pro,11760,5,85.0,0.5,False,0
A-054577,Company_455,Enterprise,7164,5,79.0,0.0,True,0
A-fa2041,Company_211,Pro,30576,5,30.0,0.0,False,0
A-3932db,Company_144,Basic,4332,5,67.0,0.16666666666666666,True,0
A-65a46c,Company_95,Enterprise,186264,5,9.0,0.0,False,0
A-eb7c38,Company_47,Basic,23256,5,33.0,0.0,False,0
A-c16b88,Company_431,Enterprise,54924,5,42.0,0.6666666666666666,False,0
A-bd4708,Company_257,Basic,0,5,24.0,0.25,False,0
A-309e54,Company_371,Basic,3420,5,26.0,0.2,False,0
A-3ce5b8,Company_256,Pro,111132,5,31.0,0.3,False,0
A-02fac6,Company_52,Pro,12936,5,23.0,0.16666666666666666,False,0
A-016043,Company_405,Basic,1368,5,41.0,0.6666666666666666,False,0
A-9174e0,Company_73,Enterprise,88356,5,29.0,0.0,False,0
A-f92792,Company_67,Basic,456,5,40.0,0.0,True,0
A-94f8c9,Company_51,Basic,2964,5,57.0,0.0,True,0
A-f25509,Company_92,Enterprise,76416,5,27.0,0.3333333333333333,False,0
A-592832,Company_10,Basic,4104,5,0.0,0.3333333333333333,False,0
A-cc8c8f,Company_482,Basic,0,5,48.0,0.0,True,0
A-9208f0,Company_79,Basic,0,5,25.0,0.0,False,0
A-9208f0,Company_79,Basic,0,5,25.0,0.0,False,0
A-9208f0,Company_79,Basic,0,5,25.0,0.0,False,0
A-9208f0,Company_79,Basic,0,5,25.0,0.0,False,0
A-40de06,Company_369,Enterprise,0,5,7.0,0.0,False,0
A-d535f6,Company_421,Basic,0,5,50.0,0.0,True,0
A-d535f6,Company_421,Basic,0,5,50.0,0.0,True,0
A-2e4581,Company_0,Enterprise,21492,5,41.0,0.5,False,0
A-2e4581,Company_0,Enterprise,21492,5,41.0,0.5,False,0
A-d535f6,Company_421,Enterprise,28656,5,22.0,0.0,False,0
A-d535f6,Company_421,Enterprise,28656,5,22.0,0.0,False,0
A-34ea2f,Company_436,Pro,48804,5,22.0,0.0,False,0
A-cab532,Company_218,Basic,7524,5,56.0,0.0,True,0
A-2b9d3e,Company_319,Pro,10584,5,13.0,0.3333333333333333,False,0
A-856b1e,Company_161,Pro,17640,5,12.0,0.0,False,0
A-bbc346,Company_138,Pro,0,5,83.0,0.0,True,0
A-bcf87c,Company_288,Basic,2280,5,32.0,0.0,False,0
A-503d5a,Company_99,Basic,11400,5,31.0,0.3333333333333333,False,0
A-e19ff6,Company_411,Enterprise,0,5,57.0,0.6666666666666666,False,0
A-e19ff6,Company_411,Enterprise,0,5,57.0,0.6666666666666666,False,0
A-e19ff6,Company_411,Enterprise,0,5,57.0,0.6666666666666666,False,0
A-3a5ad8,Company_94,Enterprise,21492,5,33.0,0.25,False,0
A-49b828,Company_391,Pro,5880,5,21.0,0.0,False,0
A-1b9609,Company_5,Pro,2352,5,46.0,0.5,False,0
A-1b9609,Company_5,Pro,2352,5,46.0,0.5,False,0
A-1b9609,Company_5,Pro,2352,5,46.0,0.5,False,0
A-7a0d69,Company_187,Basic,0,5,53.0,0.5,False,0
A-7a0d69,Company_187,Basic,0,5,53.0,0.5,False,0
A-7a0d69,Company_187,Basic,0,5,53.0,0.5,False,0
A-779e4e,Company_193,Enterprise,42984,5,23.0,0.0,False,0
A-f5641b,Company_382,Basic,0,5,34.0,0.5,False,0
A-f5641b,Company_382,Basic,0,5,34.0,0.5,False,0
A-417d2f,Company_285,Basic,8436,5,17.0,0.3333333333333333,False,0
A-43a9e3,Company_1,Basic,4104,5,21.0,0.0,False,0
A-bbc346,Company_138,Pro,0,5,83.0,0.0,True,0
A-0dbdc6,Company_366,Enterprise,71640,5,21.0,0.25,False,0
A-de24d5,Company_231,Enterprise,40596,5,33.0,0.2857142857142857,False,0
A-f45426,Company_172,Basic,4560,5,55.0,0.0,True,0
A-bbc346,Company_138,Basic,9120,5,18.0,0.0,False,0
A-a45270,Company_37,Enterprise,7164,5,95.0,0.5,False,0
A-9289f6,Company_104,Enterprise,0,5,109.0,0.5,False,0
A-4e631b,Company_298,Pro,0,5,23.0,0.0,False,0
A-118d55,Company_65,Pro,6468,5,68.0,0.2,True,0
A-118d55,Company_65,Pro,6468,5,68.0,0.2,True,0
A-fabe19,Company_97,Enterprise,11940,5,31.0,0.3333333333333333,False,0
A-f3ff05,Company_44,Basic,6840,5,15.0,0.3333333333333333,False,0
A-a8d89d,Company_326,Enterprise,31044,5,33.0,0.0,False,0
A-a8d89d,Company_326,Enterprise,31044,5,33.0,0.0,False,0
A-1f559b,Company_357,Pro,34692,5,43.0,0.4,False,0
A-4c38bc,Company_55,Basic,8208,5,18.0,0.3333333333333333,False,0
A-526d93,Company_66,Enterprise,102684,5,39.0,0.4,False,0
A-526d93,Company_66,Enterprise,102684,5,39.0,0.4,False,0
A-526d93,Company_66,Enterprise,102684,5,39.0,0.4,False,0
A-4437e4,Company_192,Enterprise,7164,5,20.0,0.3333333333333333,False,0
A-700ade,Company_472,Basic,1596,5,13.0,0.0,False,0
A-e60f9d,Company_178,Enterprise,69252,5,33.0,0.0,False,0
A-4a267b,Company_451,Pro,0,5,9.0,0.25,False,0
A-1f559b,Company_357,Basic,2280,5,57.0,0.4,False,0
A-bbc346,Company_138,Basic,9120,5,18.0,0.0,False,0
A-19b2c8,Company_476,Basic,5016,5,13.0,0.3333333333333333,False,0
A-922109,Company_243,Pro,4704,5,19.0,0.3333333333333333,False,0
A-4c56c9,Company_449,Enterprise,57312,5,50.0,0.4,False,0
A-e3bd71,Company_347,Enterprise,74028,5,42.0,0.25,True,0
A-45ce7a,Company_31,Pro,0,5,21.0,0.0,False,0
A-f51f16,Company_282,Enterprise,93132,5,18.0,0.25,False,0
A-f51f16,Company_282,Enterprise,93132,5,18.0,0.25,False,0
A-b48f73,Company_225,Pro,47040,5,66.0,0.6666666666666666,False,0
A-81edc3,Company_236,Pro,7056,5,48.0,1.0,False,0
A-81edc3,Company_236,Pro,7056,5,48.0,1.0,False,0
A-81edc3,Company_236,Pro,7056,5,48.0,1.0,False,0
A-c43359,Company_83,Pro,0,5,49.0,0.3333333333333333,True,0
A-c43359,Company_83,Pro,0,5,49.0,0.3333333333333333,True,0
A-5ed98d,Company_479,Enterprise,57312,5,21.0,0.0,False,0
A-5ed98d,Company_479,Enterprise,57312,5,21.0,0.0,False,0
A-b7b7b7,Company_338,Basic,5472,5,19.0,0.0,False,0
A-7f4db3,Company_441,Pro,9408,5,25.0,0.2,False,0
A-544d0a,Company_153,Basic,0,5,0.0,0.0,False,0
A-65aeb5,Company_120,Enterprise,133728,5,43.0,0.5,False,0
A-65aeb5,Company_120,Enterprise,133728,5,43.0,0.5,False,0
A-cd458b,Company_430,Basic,5928,5,22.0,0.0,False,0
A-b7b7b7,Company_338,Pro,39396,5,30.0,0.0,False,0
A-922109,Company_243,Pro,4704,5,19.0,0.3333333333333333,False,0
A-3a5ad8,Company_94,Enterprise,74028,5,20.0,0.25,False,0
A-f45426,Company_172,Basic,4560,5,55.0,0.0,True,0
A-712426,Company_155,Enterprise,0,5,22.0,0.16666666666666666,False,0
A-e7a1e2,Company_295,Basic,684,5,32.0,0.0,False,0
A-c37601,Company_48,Enterprise,14328,5,22.0,0.0,False,0
A-029f69,Company_129,Enterprise,0,5,24.0,0.0,False,0
A-029f69,Company_129,Enterprise,0,5,24.0,0.0,False,0
A-029f69,Company_129,Enterprise,0,5,24.0,0.0,False,0
A-956988,Company_14,Enterprise,76416,5,9.0,0.0,False,0
A-956988,Company_14,Enterprise,76416,5,9.0,0.0,False,0
A-c45b23,Company_75,Basic,1140,5,48.0,0.6666666666666666,False,0
A-bb1eaa,Company_468,Basic,4788,5,39.0,0.16666666666666666,True,0
A-855a48,Company_389,Enterprise,64476,5,83.0,0.6,False,0
A-90a8c8,Company_249,Pro,0,5,32.0,0.0,False,0
A-716841,Company_437,Enterprise,107460,5,15.0,0.0,False,0
A-4814a3,Company_337,Enterprise,207756,5,40.0,0.0,True,0
A-54d94a,Company_385,Pro,15876,5,12.0,0.0,False,0
A-794a0b,Company_168,Pro,13524,5,28.0,0.0,False,0
A-e61e98,Company_115,Basic,4332,5,21.0,0.16666666666666666,False,0
A-9b9fe9,Company_71,Pro,5292,5,41.0,0.25,True,0
A-9b9fe9,Company_71,Pro,5292,5,41.0,0.25,True,0
A-bb2f49,Company_356,Pro,8232,5,23.0,0.3333333333333333,False,0
A-e7a1e2,Company_295,Basic,684,5,32.0,0.0,False,0
A-712426,Company_155,Enterprise,0,5,22.0,0.16666666666666666,False,0
A-51ec1b,Company_247,Basic,2508,5,26.0,0.3333333333333333,False,0
A-712426,Company_155,Enterprise,0,5,22.0,0.16666666666666666,False,0
A-b7ef83,Company_474,Pro,15288,5,22.0,0.0,False,0
A-b7ef83,Company_474,Pro,15288,5,22.0,0.0,False,0
A-1ac5e0,Company_126,Basic,7524,5,54.0,0.5714285714285714,False,0
A-ba6516,Company_154,Pro,0,5,59.0,0.0,True,0
A-ba6516,Company_154,Basic,6156,5,73.0,0.0,True,0
A-bece89,Company_128,Pro,16464,5,25.0,0.0,False,0
A-bece89,Company_128,Pro,16464,5,25.0,0.0,False,0
A-18793f,Company_488,Enterprise,353424,5,48.0,0.4,False,0
A-4c56c9,Company_449,Enterprise,31044,5,65.0,0.4,False,0
A-2edab2,Company_301,Enterprise,40596,5,13.0,0.25,False,0
A-2edab2,Company_301,Enterprise,40596,5,13.0,0.25,False,0
A-8ae05d,Company_147,Basic,19608,5,38.0,1.0,False,0
A-e1462e,Company_217,Pro,8820,5,53.0,0.5,False,0
A-e1462e,Company_217,Pro,8820,5,53.0,0.5,False,0
A-503d5a,Company_99,Enterprise,0,5,26.0,0.3333333333333333,False,0
A-6f8ad2,Company_57,Enterprise,16716,5,17.0,0.25,False,0
A-e7a1e2,Company_295,Basic,684,5,32.0,0.0,False,0
A-3cc791,Company_423,Pro,3528,5,32.0,0.3333333333333333,False,0
A-de24d5,Company_231,Enterprise,11940,5,29.0,0.2857142857142857,False,0
A-ee42db,Company_77,Pro,0,5,23.0,0.25,False,0
